Date,Ticker,SyntheticBorrowRate
2024-11-01,BAC,
2024-11-04,BAC,
2024-11-05,BAC,
2024-11-06,BAC,
2024-11-07,BAC,
2024-11-08,BAC,
2024-11-11,BAC,
2024-11-12,BAC,
2024-11-13,BAC,
2024-11-14,BAC,
2024-11-15,BAC,0.001455751563639254
2024-11-18,BAC,0.0014454420178578312
2024-11-19,BAC,-0.0021544661284223165
2024-11-20,BAC,0.0013701003114136843
2024-11-21,BAC,0.0031722450920841317
2024-11-22,BAC,-0.004868104312047431
2024-11-25,BAC,-0.0014389912289805803
2024-11-26,BAC,0.0018375954337843334
2024-11-27,BAC,0.0008795051097125465
2024-11-29,BAC,0.0020499698876047722
2024-12-02,BAC,-0.002006048198361247
2024-12-03,BAC,-0.00011081325876629853
2024-12-04,BAC,0.0010505955555236688
2024-12-05,BAC,-0.0006744518495080071
2024-12-06,BAC,-8.975597820307167e-05
2024-12-09,BAC,-0.0006342295910295016
2024-12-10,BAC,0.0012469555325302654
2024-12-11,BAC,0.0007152370970393688
2024-12-12,BAC,0.00011409720968202234
2024-12-13,BAC,-0.0012913671088958315
2024-12-16,BAC,-0.0002926906772659268
2024-12-17,BAC,-0.0017221567825698963
2024-12-18,BAC,-0.0011288671714628157
2024-12-19,BAC,-0.004895969600302505
2024-12-20,BAC,-0.002188091839654558
2024-12-23,BAC,-0.0002994667643903137
2024-12-24,BAC,-0.0015400349604172711
2024-12-26,BAC,0.001596231524767649
2024-12-27,BAC,-0.002725812956640025
2024-12-30,BAC,0.00044139664190167595
2024-12-31,BAC,0.0003214070262354831
2025-01-02,BAC,-0.0034013043145507396
2025-01-03,BAC,0.0034767607642699335
2025-01-06,BAC,0.001611640138392882
2025-01-07,BAC,0.004600657548510579
2025-01-08,BAC,0.003500955428519165
2025-01-10,BAC,0.0032948976020532963
2025-01-13,BAC,-0.0019433225890976755
2025-01-14,BAC,0.0003493323451930091
2025-01-15,BAC,0.0028361162580282863
2025-01-16,BAC,0.004061488479593274
2025-01-17,BAC,0.0006834298682471573
2025-01-21,BAC,0.002990094954439122
2025-01-22,BAC,0.0021302407032249074
2025-01-23,BAC,-0.0004215301964184504
2025-01-24,BAC,-0.0018251352133113533
2025-01-27,BAC,0.0012945368576506267
2025-01-28,BAC,0.0012793949925513173
2025-01-29,BAC,0.0009330759721357644
2025-01-30,BAC,-0.001346600808491768
2025-01-31,BAC,0.0020974524056916106
2025-02-03,BAC,-0.001638991243285191
2025-02-04,BAC,0.0004935424736817346
2025-02-05,BAC,0.0015469440091395374
2025-02-06,BAC,0.0004853280478647825
2025-02-07,BAC,0.0004396231426966597
2025-02-10,BAC,-0.002800770677365013
2025-02-11,BAC,0.001631575384983491
2025-02-12,BAC,-0.002008592462429902
2025-02-13,BAC,0.0013366995801298216
2025-02-14,BAC,0.0013419741956010468
2025-02-18,BAC,0.0005881891533186692
2025-02-19,BAC,-0.0008710983095112253
2025-02-20,BAC,-0.0013360774730778963
2025-02-21,BAC,0.0015994818848851895
2025-02-24,BAC,-0.003821627833787579
2025-02-25,BAC,-0.0035470136003796547
2025-02-26,BAC,-0.0009341951626928178
2025-02-27,BAC,0.001562879540273108
2025-02-28,BAC,0.001090269075389253
2025-03-03,BAC,0.002212898812218191
2025-03-04,BAC,-0.0016512854403117976
2025-03-05,BAC,-0.0002159017573830848
2025-03-06,BAC,-0.004083763368089606
2025-03-07,BAC,-0.004143370213834465
2025-03-10,BAC,-0.003577292664103076
2025-03-11,BAC,-0.0020111006646701167
2025-03-12,BAC,-0.0006986660133707889
2025-03-13,BAC,0.002122339753295733
2025-03-14,BAC,0.003808505190078828
2025-03-17,BAC,-7.990624873162972e-05
2025-03-18,BAC,0.0022235834903975324
2025-03-19,BAC,0.0030249538728565764
2025-03-20,BAC,0.001684211141149901
2025-03-21,BAC,0.0014396411654440935
2025-03-24,BAC,0.003903459707035799
2025-03-25,BAC,0.0006952475200839386
2025-03-26,BAC,0.0016820432659905048
2025-03-27,BAC,-0.0016363282134659
2025-03-28,BAC,0.0006535255949262629
2025-03-31,BAC,-0.0016589241325739353
2025-04-01,BAC,-0.002134887277810978
2025-04-02,BAC,-0.002320378280835475
2025-04-03,BAC,1.8918114079311682e-05
2025-04-04,BAC,0.0008633118544724922
2025-04-07,BAC,-0.0014843476134624937
2025-04-08,BAC,-0.0011362226423157868
2025-04-09,BAC,-0.0015024889159519932
2025-04-10,BAC,-0.0004219962498106149
2025-04-11,BAC,0.004012236557279373
2025-04-14,BAC,0.0042490581683795004
2025-04-15,BAC,0.005387143668650733
2025-04-16,BAC,0.002537354652692008
2025-04-17,BAC,0.0017633141693961134
2025-04-21,BAC,0.0008810656156962248
2025-04-22,BAC,0.004222695719891766
2025-04-23,BAC,0.004089910798733989
2025-04-24,BAC,0.005010970073443833
2025-04-25,BAC,0.002739622848234875
2025-04-28,BAC,0.0012596935502932984
2025-04-29,BAC,0.006752689857913625
2025-04-30,BAC,0.006289581852853544
2025-05-01,BAC,0.001211431010011921
2025-05-02,BAC,-0.0017621982832518967
2025-05-05,BAC,0.002398757611962775
2025-05-06,BAC,0.0051281400869981845
2025-05-07,BAC,0.004442113498092605
2025-05-08,BAC,0.002884742498068165
2025-05-09,BAC,0.0039263637955200565
2025-05-12,BAC,0.005606256422956098
2025-05-13,BAC,0.0023638610427347477
2025-05-14,BAC,0.002233104742999076
2025-05-15,BAC,0.0032358312211319103
2025-05-16,BAC,0.00576264808026011
2025-05-19,BAC,0.0051161944548208105
2025-05-20,BAC,0.002014955794344759
2025-05-21,BAC,0.0021914361424885224
2025-05-22,BAC,9.047698363389328e-05
2025-05-23,BAC,0.0006612647473558226
2025-05-27,BAC,-3.174117183992473e-05
2025-05-28,BAC,-0.000833384549661887
2025-05-29,BAC,0.00034182980601781747
2025-05-30,BAC,0.0014192118414071094
2025-06-02,BAC,0.0035463330227695207
2025-06-03,BAC,0.0013648520558847861
2025-06-04,BAC,-0.002534204432674808
2025-06-05,BAC,-0.00020741215166371438
2025-06-06,BAC,-0.0007844721986853727
2025-06-09,BAC,0.001504776196641468
2025-06-10,BAC,0.002850696239844135
2025-06-11,BAC,0.0008513374380837329
2025-06-12,BAC,0.0049021369324523875
2025-06-13,BAC,0.0018166677488651215
2025-06-16,BAC,0.0005490365913343104
2025-06-17,BAC,-0.0024147855967048535
2025-06-18,BAC,-0.0009424270124409702
2025-06-20,BAC,0.000620353369413238
2025-06-23,BAC,0.0008405085434514624
2025-06-24,BAC,0.0003172237228409496
2025-06-25,BAC,0.0010052117981412306
2025-06-26,BAC,0.002819609926862042
2025-06-27,BAC,0.0020935916677150743
2025-06-30,BAC,0.002230237306102981
2025-07-01,BAC,0.0004955267288472077
2025-07-02,BAC,0.0004499162740007525
2025-07-03,BAC,0.0037517080931297373
2025-07-07,BAC,0.000765107387514139
2025-07-08,BAC,-0.0008219310912057421
2025-07-09,BAC,-0.00016433064283329833
2025-07-10,BAC,0.0009540098963602377
2025-07-11,BAC,-0.0014644140140216914
2025-07-14,BAC,-0.001712303485968682
2025-07-15,BAC,-0.00048303231159379514
2025-07-16,BAC,-0.0009120370157299152
2025-07-17,BAC,-0.00014847504493081538
2025-07-18,BAC,-0.0002329379449616661
2025-07-21,BAC,0.0007086826184826148
2025-07-22,BAC,0.003220194732245621
2025-07-23,BAC,0.002977264268704617
2025-07-24,BAC,0.000852369194842344
2025-07-25,BAC,0.000884865302261432
2025-07-28,BAC,-0.0014436959949610914
2025-07-29,BAC,-0.0013582405235368043
2025-07-30,BAC,-0.0011885650542770854
2025-07-31,BAC,-0.000708203977915061
2025-08-01,BAC,-0.0016134870448134353
2025-08-04,BAC,7.614543158895968e-05
2025-08-05,BAC,-0.00011843891461795094
2025-08-06,BAC,0.0010271654695359947
2025-08-07,BAC,-0.00539207985474891
2025-08-08,BAC,0.0024540516218273015
2025-08-11,BAC,-0.0010702700458061008
2025-08-12,BAC,-0.0011164280935337225
2025-08-13,BAC,0.004298507964166859
2025-08-14,BAC,0.002972977894468881
2025-08-15,BAC,0.0032255220961141845
2025-08-18,BAC,0.007185335450789217
2025-08-19,BAC,0.004500903076989175
2025-08-20,BAC,-0.00226915495049502
2025-08-21,BAC,0.00045060877069112986
2025-08-22,BAC,0.00020481684669115385
2025-08-25,BAC,0.0033606155983790203
2025-08-26,BAC,0.0018424382870491475
2025-08-27,BAC,0.0024355108948541943
2025-08-28,BAC,0.0009483730953681701
2025-08-29,BAC,0.002291080785153548
2025-09-02,BAC,6.942356488850283e-05
2025-09-03,BAC,0.0010732553147203012
2025-09-04,BAC,-6.487541414262291e-05
2025-09-05,BAC,-0.0024237309859335542
2025-09-08,BAC,-0.0017287143251536082
2025-09-09,BAC,-0.0005981604709238237
2025-09-10,BAC,-0.0006856409324236484
2025-09-11,BAC,0.0023743068281248873
2025-09-12,BAC,0.0021360637581696235
2025-09-15,BAC,0.0010468305390021338
2025-09-16,BAC,0.0008769709354209368
2025-09-17,BAC,0.004165803193989018
2025-09-18,BAC,0.0032307989120250345
2025-09-19,BAC,-4.39346822208263e-05
2025-09-22,BAC,-5.836727651605954e-05
2025-09-23,BAC,-0.0003256036306698686
2025-09-24,BAC,0.0023472486931385606
2025-09-25,BAC,0.0013815234966386243
2025-09-26,BAC,0.0008292386090962564
2025-09-29,BAC,0.002038612148148727
2025-09-30,BAC,0.00026100244887059654
2025-10-01,BAC,-0.0030573591975684026
2025-10-02,BAC,0.0022292514658461267
2025-10-03,BAC,-0.00023256865970497056
2025-10-06,BAC,-0.0030924864053190272
2025-10-07,BAC,-0.0006341644976501221
2025-10-08,BAC,-0.006098400932617239
2025-10-09,BAC,0.0012686085572971152
2025-10-10,BAC,0.0011571746883405386
2025-10-13,BAC,0.0004893832711575681
2025-10-14,BAC,-0.0012522998383980976
2025-10-15,BAC,0.004345012483334288
2025-10-16,BAC,0.0018359956139847545
2025-10-17,BAC,0.005841563397851012
2025-10-20,BAC,0.003301415519438696
2025-10-21,BAC,-0.000747695503194853
2025-10-22,BAC,0.002448846210323283
2025-10-23,BAC,-0.00026523429398598577
2025-10-24,BAC,0.0042960016615357045
2025-10-27,BAC,0.0023246163373487685
2025-10-28,BAC,0.0007024071000223998
2025-10-29,BAC,0.004494014073016427
2025-10-30,BAC,0.0022426434183558126
2025-10-31,BAC,-0.0008986385072498806
2024-11-01,C,
2024-11-04,C,
2024-11-05,C,
2024-11-06,C,
2024-11-07,C,
2024-11-08,C,
2024-11-11,C,
2024-11-12,C,
2024-11-13,C,
2024-11-14,C,
2024-11-15,C,-0.0001003096275263135
2024-11-18,C,-0.0005760816038373699
2024-11-19,C,0.0006614901640485346
2024-11-20,C,0.004756839274841814
2024-11-21,C,0.0005193382067207774
2024-11-22,C,0.0038725049279144785
2024-11-25,C,-0.0012084506955547859
2024-11-26,C,-0.001826346734663434
2024-11-27,C,0.0029811127831061287
2024-11-29,C,0.004739739369529764
2024-12-02,C,0.002217175243392093
2024-12-03,C,0.001754243355196828
2024-12-04,C,-0.0040186422126312175
2024-12-05,C,0.0023704301043893125
2024-12-06,C,-0.0008305980255321952
2024-12-09,C,0.0004326475860661861
2024-12-10,C,-0.0023526798260058825
2024-12-11,C,-0.001205777395738093
2024-12-12,C,0.0011696579213988176
2024-12-13,C,-0.0018620591263057906
2024-12-16,C,-0.001050650491198474
2024-12-17,C,-0.0003091948281999169
2024-12-18,C,-0.00041816772798852975
2024-12-19,C,-0.0007657748872024747
2024-12-20,C,-0.002782586933034806
2024-12-23,C,0.0011478660394745152
2024-12-24,C,0.0017522830054100412
2024-12-26,C,0.0033498398449448297
2024-12-27,C,0.002606110251908874
2024-12-30,C,0.0012189155001515633
2024-12-31,C,0.001563472105278303
2025-01-02,C,0.001115549827604465
2025-01-03,C,0.002897753857809125
2025-01-06,C,-0.0007726297858707677
2025-01-07,C,0.0022653836681116373
2025-01-08,C,0.002914195043947629
2025-01-10,C,-9.538922450712641e-05
2025-01-13,C,0.0008817038948431267
2025-01-14,C,0.001811621807855866
2025-01-15,C,0.007161077492959079
2025-01-16,C,0.0023067721630234605
2025-01-17,C,0.008651053510275043
2025-01-21,C,0.0029610516593228655
2025-01-22,C,0.0005555327370090563
2025-01-23,C,0.0022292631243509193
2025-01-24,C,0.0033996998483184077
2025-01-27,C,0.004235134711596514
2025-01-28,C,-0.0011588048673341158
2025-01-29,C,0.002456597001549564
2025-01-30,C,0.003784250420300986
2025-01-31,C,-0.0013947437007377187
2025-02-03,C,-0.0013584013419370975
2025-02-04,C,0.0014402238785705104
2025-02-05,C,-8.388951744193611e-05
2025-02-06,C,-0.0021484503271579415
2025-02-07,C,-0.001256306939290966
2025-02-10,C,0.001497229514907208
2025-02-11,C,0.002456109712230315
2025-02-12,C,0.003208985814925759
2025-02-13,C,0.001040256480592899
2025-02-14,C,0.0009885618853663501
2025-02-18,C,0.004850602364924812
2025-02-19,C,-0.0009131473241972422
2025-02-20,C,0.0021375822216518265
2025-02-21,C,-0.004639556559118702
2025-02-24,C,-0.004075972273844545
2025-02-25,C,-0.0008549763851256891
2025-02-26,C,-0.0027271477578381916
2025-02-27,C,-0.003503991258687994
2025-02-28,C,0.001486050151231046
2025-03-03,C,0.002113040646374756
2025-03-04,C,-0.005094954690239868
2025-03-05,C,-0.002365818738284831
2025-03-06,C,-0.0003916129618640712
2025-03-07,C,-0.00529119696578946
2025-03-10,C,-0.0013080558840100473
2025-03-11,C,4.8520002504198376e-05
2025-03-12,C,-0.0018850151108683643
2025-03-13,C,-0.0011126957276238164
2025-03-14,C,-0.000354238420667336
2025-03-17,C,0.0022153225283656915
2025-03-18,C,-0.0008558338884035164
2025-03-19,C,0.0020543957564632784
2025-03-20,C,0.0018976782509358338
2025-03-21,C,-0.00031137313752237434
2025-03-24,C,0.004381245443250567
2025-03-25,C,0.0002645119649857348
2025-03-26,C,0.000507816715637855
2025-03-27,C,0.0003802977900669023
2025-03-28,C,-0.001997719712498843
2025-03-31,C,0.0019305530245257137
2025-04-01,C,0.0023739295427028157
2025-04-02,C,-0.0044314458840749825
2025-04-03,C,-0.0015479130622222156
2025-04-04,C,-0.006325518613314168
2025-04-07,C,-0.0022506009736367643
2025-04-08,C,-0.003849564577660624
2025-04-09,C,0.0007745436429482289
2025-04-10,C,0.00393922821498572
2025-04-11,C,0.004854045813116391
2025-04-14,C,0.006315630214321562
2025-04-15,C,0.005573116559663392
2025-04-16,C,0.00029950158442045255
2025-04-17,C,0.007025944925813651
2025-04-21,C,0.002174227973161534
2025-04-22,C,0.0018073743245402166
2025-04-23,C,0.0035010928313820326
2025-04-24,C,0.0049005240922990355
2025-04-25,C,0.0026483459656580968
2025-04-28,C,0.0040818068321890845
2025-04-29,C,0.001259030637310482
2025-04-30,C,-0.0015254223919213598
2025-05-01,C,0.0033653080854400773
2025-05-02,C,0.0004126747733499427
2025-05-05,C,0.0007471641282252083
2025-05-06,C,-0.004484883500676143
2025-05-07,C,-0.0011489955472388275
2025-05-08,C,0.0006371197585839687
2025-05-09,C,0.0022425723239305755
2025-05-12,C,0.005075128195920051
2025-05-13,C,0.006907480528198813
2025-05-14,C,-0.00031114886297866446
2025-05-15,C,0.001237545896721129
2025-05-16,C,0.002531206684285295
2025-05-19,C,-0.001673842301086869
2025-05-20,C,-0.003472568827502564
2025-05-21,C,0.002752836141551965
2025-05-22,C,0.0005180950793688833
2025-05-23,C,-0.001216291189004881
2025-05-27,C,0.005897989213738312
2025-05-28,C,-0.0025094946226597095
2025-05-29,C,-0.0012297893158588825
2025-05-30,C,0.0025926958029241424
2025-06-02,C,-0.0010071324729226477
2025-06-03,C,-0.00111414277646131
2025-06-04,C,2.288768942244738e-05
2025-06-05,C,0.002655330206664335
2025-06-06,C,-0.0010196946701465145
2025-06-09,C,-0.0008318014202953693
2025-06-10,C,-0.00031802860709772706
2025-06-11,C,0.0019300378756044278
2025-06-12,C,-0.003741618567805231
2025-06-13,C,0.0006446092520850408
2025-06-16,C,0.0014114533542364247
2025-06-17,C,-0.000415649845577293
2025-06-18,C,0.0007743172730912326
2025-06-20,C,-0.0005219244530756017
2025-06-23,C,0.002836425653555013
2025-06-24,C,0.002364648009521291
2025-06-25,C,0.002240392121776834
2025-06-26,C,0.005045327455882384
2025-06-27,C,0.002794364239435131
2025-06-30,C,0.0004111858242538736
2025-07-01,C,0.0030162256984660506
2025-07-02,C,-0.0009251908310076327
2025-07-03,C,0.0027903202885776117
2025-07-07,C,0.0010674080430457858
2025-07-08,C,5.634344404746778e-05
2025-07-09,C,0.001573476979411982
2025-07-10,C,-0.0009398236731339689
2025-07-11,C,0.0004118006012172467
2025-07-14,C,0.0003515298511309041
2025-07-15,C,0.00388255768870043
2025-07-16,C,0.00252514636842643
2025-07-17,C,0.0044798942329394445
2025-07-18,C,0.002345371785718907
2025-07-21,C,0.002646700672232616
2025-07-22,C,-0.001202155447074337
2025-07-23,C,0.002114834493321689
2025-07-24,C,-0.0008913894419543332
2025-07-25,C,0.002053055263397969
2025-07-28,C,-0.0016175102187252026
2025-07-29,C,0.004148221992803747
2025-07-30,C,-0.001261721302926512
2025-07-31,C,-0.00042936353147753927
2025-08-01,C,0.0019480436128089696
2025-08-04,C,-0.0012165648053103308
2025-08-05,C,-0.0016490286614594613
2025-08-06,C,-0.000539782692661676
2025-08-07,C,0.0017335964692111354
2025-08-08,C,0.0023474891127445857
2025-08-11,C,-0.0004935201700596705
2025-08-12,C,0.003997936124755755
2025-08-13,C,0.0007979325450066175
2025-08-14,C,-0.0002464733411989997
2025-08-15,C,0.0007117909433382203
2025-08-18,C,0.003466916359791599
2025-08-19,C,0.0010796802783588507
2025-08-20,C,0.0034526415887595483
2025-08-21,C,-0.0031614906917325812
2025-08-22,C,0.004460538118678773
2025-08-25,C,0.0023478363934697263
2025-08-26,C,-0.0040982574625017965
2025-08-27,C,-0.0005434611061760446
2025-08-28,C,-0.0005272300414073984
2025-08-29,C,0.0009665591731179861
2025-09-02,C,0.0018386537268965282
2025-09-03,C,-0.0005328503246619712
2025-09-04,C,-0.0017856892020415157
2025-09-05,C,0.0037674479282994175
2025-09-08,C,-0.0018607631994615888
2025-09-09,C,-0.0019242128571100195
2025-09-10,C,0.002783045018318748
2025-09-11,C,0.0010435395496555884
2025-09-12,C,-0.004474789894059391
2025-09-15,C,0.0031081385122269786
2025-09-16,C,0.003006985650716978
2025-09-17,C,0.0003748808120079066
2025-09-18,C,0.005254642663386664
2025-09-19,C,0.0011297062014395702
2025-09-22,C,0.0045450159851464856
2025-09-23,C,0.002093104816029371
2025-09-24,C,0.0022406009970985644
2025-09-25,C,0.0003109981771751126
2025-09-26,C,-0.0012568861307290435
2025-09-29,C,0.0009250133558854164
2025-09-30,C,-0.0021568758099025183
2025-10-01,C,-0.0004919914780208958
2025-10-02,C,0.0002939325486851547
2025-10-03,C,-0.000452709753055288
2025-10-06,C,-0.0027240713141265566
2025-10-07,C,0.0015198887718009528
2025-10-08,C,-0.0006871093024207304
2025-10-09,C,0.0012899712809723717
2025-10-10,C,-0.00044059327344750577
2025-10-13,C,0.0005485715079745423
2025-10-14,C,0.0052872171012672
2025-10-15,C,0.0024105106927668684
2025-10-16,C,-0.0008036091525230743
2025-10-17,C,0.0001921707771125596
2025-10-20,C,0.002821244959007819
2025-10-21,C,0.00016557706344999025
2025-10-22,C,-0.00299656271430649
2025-10-23,C,0.004862328752308884
2025-10-24,C,-0.0006572944455052702
2025-10-27,C,0.0004445495599622925
2025-10-28,C,0.00015029730909783172
2025-10-29,C,0.0026724048329796438
2025-10-30,C,0.000431037839809998
2025-10-31,C,0.002869230975641737
2024-11-01,GS,
2024-11-04,GS,
2024-11-05,GS,
2024-11-06,GS,
2024-11-07,GS,
2024-11-08,GS,
2024-11-11,GS,
2024-11-12,GS,
2024-11-13,GS,
2024-11-14,GS,
2024-11-15,GS,0.00025194582301264496
2024-11-18,GS,0.0015605192185572227
2024-11-19,GS,0.00018596138879565117
2024-11-20,GS,-0.0019308056178049657
2024-11-21,GS,0.00043734225236210817
2024-11-22,GS,-0.002773593786995063
2024-11-25,GS,0.0026306723455765757
2024-11-26,GS,0.004487792541857877
2024-11-27,GS,0.003423744336539105
2024-11-29,GS,0.0007809900140670796
2024-12-02,GS,-0.001617454302047834
2024-12-03,GS,9.337823730011248e-05
2024-12-04,GS,-0.002649706980036659
2024-12-05,GS,0.0027734982623839255
2024-12-06,GS,0.00042763221531788847
2024-12-09,GS,-0.000994396342904883
2024-12-10,GS,-0.0022758989083136315
2024-12-11,GS,0.0037213050700759713
2024-12-12,GS,-0.0015539314215547268
2024-12-13,GS,-0.0006184924326174853
2024-12-16,GS,-0.0018596259104725682
2024-12-17,GS,-0.002147415074966469
2024-12-18,GS,-3.684786965509187e-05
2024-12-19,GS,-0.0012457290831751602
2024-12-20,GS,-0.0012672825280643104
2024-12-23,GS,0.0009340323967717349
2024-12-24,GS,0.0009561798591539428
2024-12-26,GS,0.002756475387740151
2024-12-27,GS,0.0023952745389952046
2024-12-30,GS,0.000223212634193925
2024-12-31,GS,0.0018737039375742524
2025-01-02,GS,-0.0007723908554576827
2025-01-03,GS,-0.0012615933555867559
2025-01-06,GS,-0.002619254018306304
2025-01-07,GS,0.003989115052284886
2025-01-08,GS,-0.0025101563284180253
2025-01-10,GS,0.0018923997142184083
2025-01-13,GS,0.0009213868775626345
2025-01-14,GS,-0.002069621128971094
2025-01-15,GS,0.0019597470660847253
2025-01-16,GS,0.0070556435675625554
2025-01-17,GS,0.004045862510839067
2025-01-21,GS,0.006022876361435803
2025-01-22,GS,0.0042249313358958505
2025-01-23,GS,0.0014096056731294718
2025-01-24,GS,0.003349946039018757
2025-01-27,GS,0.0029624379317206156
2025-01-28,GS,-0.002039682490185395
2025-01-29,GS,0.002275714169152212
2025-01-30,GS,0.0013144981396510165
2025-01-31,GS,0.003654478916947027
2025-02-03,GS,-0.004046572465237434
2025-02-04,GS,-0.0016311764224549202
2025-02-05,GS,0.0035551732153622844
2025-02-06,GS,-0.0013303003504355616
2025-02-07,GS,0.0030482616634668904
2025-02-10,GS,0.001733322355105002
2025-02-11,GS,0.00294410416263288
2025-02-12,GS,-0.0013067044989896934
2025-02-13,GS,0.0021965106228942722
2025-02-14,GS,0.0004700780755812819
2025-02-18,GS,0.0012914104192840062
2025-02-19,GS,0.000662161079024576
2025-02-20,GS,0.00466328865729751
2025-02-21,GS,-0.001417061614152961
2025-02-24,GS,-0.0007029143270952306
2025-02-25,GS,-0.004517256211429166
2025-02-26,GS,-0.00225243109586213
2025-02-27,GS,0.0012353040100455915
2025-02-28,GS,0.004741152232741573
2025-03-03,GS,0.0006715881693735778
2025-03-04,GS,-0.0033349925777013388
2025-03-05,GS,-0.0001904710461585471
2025-03-06,GS,0.005637037904110961
2025-03-07,GS,0.0013944781373563195
2025-03-10,GS,-0.0012783137383548197
2025-03-11,GS,-0.002782325391345518
2025-03-12,GS,-0.001816295492203078
2025-03-13,GS,0.0008621958486918007
2025-03-14,GS,-0.0005863294275696206
2025-03-17,GS,0.0014156701238670292
2025-03-18,GS,0.0037610793295615773
2025-03-19,GS,0.0012765818635140749
2025-03-20,GS,0.002387369552793635
2025-03-21,GS,0.00582905580064748
2025-03-24,GS,0.004958542481008378
2025-03-25,GS,0.0009884409170695901
2025-03-26,GS,0.002123991496601142
2025-03-27,GS,-0.0028208851226569566
2025-03-28,GS,0.0004644395557799094
2025-03-31,GS,-0.004066499171053863
2025-04-01,GS,0.00024922772901455476
2025-04-02,GS,0.002258707420620517
2025-04-03,GS,0.0014042946169133099
2025-04-04,GS,0.0015412187823253937
2025-04-07,GS,-0.0037623111857744357
2025-04-08,GS,-0.0037906031098834825
2025-04-09,GS,0.0015573817280646813
2025-04-10,GS,0.000764544928607233
2025-04-11,GS,0.001944249424658579
2025-04-14,GS,0.006245444616329843
2025-04-15,GS,0.005898633874937913
2025-04-16,GS,0.00024946890473774054
2025-04-17,GS,0.004775545541768269
2025-04-21,GS,0.005112357986419496
2025-04-22,GS,0.005647788783733653
2025-04-23,GS,0.0063219577203583385
2025-04-24,GS,0.0014281593574488466
2025-04-25,GS,0.0008152862718622585
2025-04-28,GS,0.00253177594512821
2025-04-29,GS,0.0039147861917707295
2025-04-30,GS,0.0017264867106316075
2025-05-01,GS,-0.0011735126741496031
2025-05-02,GS,0.00176776624017222
2025-05-05,GS,0.0031965216431716365
2025-05-06,GS,0.001729144700002409
2025-05-07,GS,0.0018974403056155414
2025-05-08,GS,0.0020911908017718544
2025-05-09,GS,0.0015026900492645773
2025-05-12,GS,0.0031026385257174774
2025-05-13,GS,0.0035067645826480334
2025-05-14,GS,0.005203266657358012
2025-05-15,GS,0.005896894097980079
2025-05-16,GS,0.004574995458997308
2025-05-19,GS,-0.0013776482001378086
2025-05-20,GS,0.0031377315056360937
2025-05-21,GS,-0.0014643686674519732
2025-05-22,GS,-0.0032211516080074315
2025-05-23,GS,0.002518269348559588
2025-05-27,GS,0.006078069333975469
2025-05-28,GS,-0.0017639079306728572
2025-05-29,GS,0.003588772541597678
2025-05-30,GS,0.003869231560004639
2025-06-02,GS,-0.0019133147762735096
2025-06-03,GS,-0.00037635065609716744
2025-06-04,GS,0.0011124345148723746
2025-06-05,GS,0.0031146991720000148
2025-06-06,GS,0.0034097916339972285
2025-06-09,GS,0.004987997112571909
2025-06-10,GS,-0.0023196914990071026
2025-06-11,GS,0.002849331910977539
2025-06-12,GS,0.0022256265938681895
2025-06-13,GS,0.001308452392506044
2025-06-16,GS,0.0010385206802946175
2025-06-17,GS,0.0009607196804917947
2025-06-18,GS,0.0007505375116097725
2025-06-20,GS,0.0020484772862148426
2025-06-23,GS,0.0024859180227762437
2025-06-24,GS,-0.001730971707424707
2025-06-25,GS,0.006923987078462596
2025-06-26,GS,0.0067544749567410075
2025-06-27,GS,0.005284404040061008
2025-06-30,GS,0.003751350955095089
2025-07-01,GS,0.00032226408625683333
2025-07-02,GS,0.0031668932043364597
2025-07-03,GS,0.00018518543371461027
2025-07-07,GS,0.0017755597528987328
2025-07-08,GS,0.0016500523141481154
2025-07-09,GS,-0.00016380704401199676
2025-07-10,GS,0.0009433614211562579
2025-07-11,GS,7.734453529991599e-05
2025-07-14,GS,-0.00018174471938140304
2025-07-15,GS,0.002743901485367368
2025-07-16,GS,-9.16316183936631e-05
2025-07-17,GS,0.004381460269709728
2025-07-18,GS,0.00127065005073786
2025-07-21,GS,-0.0011815580243802889
2025-07-22,GS,0.000842116583190603
2025-07-23,GS,0.004095373895469174
2025-07-24,GS,-0.001944518540699652
2025-07-25,GS,0.0034458610460953213
2025-07-28,GS,0.0017650471925211087
2025-07-29,GS,-0.0007244860754791504
2025-07-30,GS,0.0044975358383911555
2025-07-31,GS,-0.0015654838774371216
2025-08-01,GS,-0.0007028673489644748
2025-08-04,GS,0.0012557993589503403
2025-08-05,GS,0.0005246580842252263
2025-08-06,GS,-8.397844397552108e-05
2025-08-07,GS,-0.0007733448783661891
2025-08-08,GS,0.0031724662319952113
2025-08-11,GS,0.0017728462025533415
2025-08-12,GS,0.003281309580673204
2025-08-13,GS,0.0025112040097689894
2025-08-14,GS,0.0004585293621808949
2025-08-15,GS,0.0032530276228138234
2025-08-18,GS,0.0009319178523936241
2025-08-19,GS,0.0009755574624046178
2025-08-20,GS,-0.0004500604765032357
2025-08-21,GS,-0.0021145507759365257
2025-08-22,GS,-0.0012324833612336133
2025-08-25,GS,0.0029868192458057585
2025-08-26,GS,0.0026369704913596424
2025-08-27,GS,0.0036332304404655567
2025-08-28,GS,-4.5084674144042595e-05
2025-08-29,GS,0.004892539160734665
2025-09-02,GS,0.0003105047426873817
2025-09-03,GS,0.001097639602384873
2025-09-04,GS,-0.0003424554285941712
2025-09-05,GS,-0.001242835696247524
2025-09-08,GS,-0.0003983291785159505
2025-09-09,GS,0.0030030491936336745
2025-09-10,GS,0.00222481030193569
2025-09-11,GS,0.003160338962646507
2025-09-12,GS,-0.0008340713887795216
2025-09-15,GS,0.0012931547754947842
2025-09-16,GS,-0.0011456700251095573
2025-09-17,GS,0.00044690840824254696
2025-09-18,GS,-0.00025491510574577074
2025-09-19,GS,0.0007848526216305232
2025-09-22,GS,0.0010522329001434213
2025-09-23,GS,0.0011657867774098822
2025-09-24,GS,0.0011913703961166215
2025-09-25,GS,-0.001044146021029335
2025-09-26,GS,-0.00040906086853454283
2025-09-29,GS,0.0011146720699670267
2025-09-30,GS,0.0007280710779423766
2025-10-01,GS,-0.0002795179860398876
2025-10-02,GS,-0.00011290827804208424
2025-10-03,GS,7.152707198753011e-05
2025-10-06,GS,0.0017658507068584806
2025-10-07,GS,0.0010130480323308996
2025-10-08,GS,0.002160167649954014
2025-10-09,GS,0.0022906642907931916
2025-10-10,GS,0.004550707125019928
2025-10-13,GS,0.0009669394972924414
2025-10-14,GS,0.002782466562736123
2025-10-15,GS,0.0009259163489201137
2025-10-16,GS,0.004679523395767025
2025-10-17,GS,-0.0005677716413810941
2025-10-20,GS,0.0020400805396928855
2025-10-21,GS,-0.001697702281672983
2025-10-22,GS,0.0005411564588245941
2025-10-23,GS,-0.0012246555926613432
2025-10-24,GS,0.0047343787900817474
2025-10-27,GS,0.0032123462151782793
2025-10-28,GS,-0.0027363317978851115
2025-10-29,GS,0.0020787906076772562
2025-10-30,GS,0.0036853842901658045
2025-10-31,GS,0.0030710970966790394
2024-11-01,JPM,
2024-11-04,JPM,
2024-11-05,JPM,
2024-11-06,JPM,
2024-11-07,JPM,
2024-11-08,JPM,
2024-11-11,JPM,
2024-11-12,JPM,
2024-11-13,JPM,
2024-11-14,JPM,
2024-11-15,JPM,0.001145592008207876
2024-11-18,JPM,0.0025804719517181027
2024-11-19,JPM,0.004079510997417678
2024-11-20,JPM,0.0024200419678453754
2024-11-21,JPM,0.000786421162158842
2024-11-22,JPM,0.0038383480695886305
2024-11-25,JPM,0.0011272305571962166
2024-11-26,JPM,0.0014821043910883168
2024-11-27,JPM,0.00010852365586533309
2024-11-29,JPM,0.0029565212463241045
2024-12-02,JPM,-0.0023439976838364957
2024-12-03,JPM,0.000574515346103039
2024-12-04,JPM,-0.003951509841894309
2024-12-05,JPM,0.0015158025867065654
2024-12-06,JPM,-0.0023603591265641062
2024-12-09,JPM,0.0060811079558899615
2024-12-10,JPM,-0.0035873843128025667
2024-12-11,JPM,-0.0008760636185930325
2024-12-12,JPM,3.0154238950074445e-06
2024-12-13,JPM,0.0009677528293976879
2024-12-16,JPM,-0.0006630906589120168
2024-12-17,JPM,0.0024252906083359117
2024-12-18,JPM,0.0025395093069026124
2024-12-19,JPM,-0.0021160336011318884
2024-12-20,JPM,0.0006073951160489288
2024-12-23,JPM,0.0066186017810908925
2024-12-24,JPM,0.00016619297583060025
2024-12-26,JPM,0.0045167248154228965
2024-12-27,JPM,0.002170146335059735
2024-12-30,JPM,-0.0022589189410430945
2024-12-31,JPM,0.0023450124046255133
2025-01-02,JPM,0.0014009870976597538
2025-01-03,JPM,0.00015155493411227465
2025-01-06,JPM,0.0025482650230607795
2025-01-07,JPM,0.00035282828021371586
2025-01-08,JPM,0.004349444101699008
2025-01-10,JPM,-0.0001565075201243781
2025-01-13,JPM,0.000749414943252272
2025-01-14,JPM,0.00024182733572747947
2025-01-15,JPM,0.0018493294990916762
2025-01-16,JPM,0.004842574248455207
2025-01-17,JPM,0.0031307119156144194
2025-01-21,JPM,0.0028196148345079122
2025-01-22,JPM,0.004208723326322489
2025-01-23,JPM,0.001926293551012874
2025-01-24,JPM,0.0011539205197880712
2025-01-27,JPM,-0.0004668785060758529
2025-01-28,JPM,-0.0015705324977474092
2025-01-29,JPM,-0.0011443814455193194
2025-01-30,JPM,0.0004551183551341167
2025-01-31,JPM,0.0019697626346534573
2025-02-03,JPM,0.0027207977142059644
2025-02-04,JPM,-0.0005016611215176779
2025-02-05,JPM,0.0005378073438741767
2025-02-06,JPM,-0.0013822841122378877
2025-02-07,JPM,0.00024795078272369384
2025-02-10,JPM,-0.0015238228221867744
2025-02-11,JPM,0.0011824301966164646
2025-02-12,JPM,0.003047338735630559
2025-02-13,JPM,-0.0034487907520152315
2025-02-14,JPM,0.0005750247143540296
2025-02-18,JPM,0.003234116689254476
2025-02-19,JPM,0.00028856506650584593
2025-02-20,JPM,-0.0019155668776502104
2025-02-21,JPM,0.003788105211444049
2025-02-24,JPM,0.005031328521132859
2025-02-25,JPM,0.0009240437974295727
2025-02-26,JPM,-8.920261347391298e-05
2025-02-27,JPM,-0.003141669560993658
2025-02-28,JPM,0.0011028330910235504
2025-03-03,JPM,9.227961430758973e-05
2025-03-04,JPM,0.0004740452663408404
2025-03-05,JPM,0.001463920308846062
2025-03-06,JPM,-0.002955419202535754
2025-03-07,JPM,-0.0031326601311014663
2025-03-10,JPM,-0.0026567728378579705
2025-03-11,JPM,-0.0015813887996981666
2025-03-12,JPM,-0.0035617365915989025
2025-03-13,JPM,-0.0027548432113226108
2025-03-14,JPM,-0.0016674963259749884
2025-03-17,JPM,0.0026770014873842124
2025-03-18,JPM,0.0006357306585530089
2025-03-19,JPM,0.0023480511220239446
2025-03-20,JPM,0.0025168769210223213
2025-03-21,JPM,0.001175213262251846
2025-03-24,JPM,0.003980291461984378
2025-03-25,JPM,0.0019208701588961591
2025-03-26,JPM,-0.0010200415757940008
2025-03-27,JPM,0.0011221814965791889
2025-03-28,JPM,-0.0004079286928937002
2025-03-31,JPM,-0.0012632571249065728
2025-04-01,JPM,0.0008386831184190928
2025-04-02,JPM,-0.0014780575767902205
2025-04-03,JPM,-0.001230998534942136
2025-04-04,JPM,0.0005706907488936385
2025-04-07,JPM,0.0030655194983373116
2025-04-08,JPM,0.001541590280842356
2025-04-09,JPM,-0.0013867110133074026
2025-04-10,JPM,0.00036851583992935266
2025-04-11,JPM,0.007191140897751278
2025-04-14,JPM,0.00649501699256613
2025-04-15,JPM,0.008022491586336552
2025-04-16,JPM,0.0020574039935632605
2025-04-17,JPM,0.0025877856838265965
2025-04-21,JPM,0.004737734258326784
2025-04-22,JPM,-0.00118042688615014
2025-04-23,JPM,0.0012037755486044074
2025-04-24,JPM,0.0017187285018025972
2025-04-25,JPM,0.002759592596318745
2025-04-28,JPM,0.00127533446447985
2025-04-29,JPM,0.0003161965335863805
2025-04-30,JPM,-0.00050940574461843
2025-05-01,JPM,0.005452909923920148
2025-05-02,JPM,0.0026412633050465328
2025-05-05,JPM,0.0009961034046940334
2025-05-06,JPM,0.004219634719512297
2025-05-07,JPM,0.0005478308006160757
2025-05-08,JPM,0.0029980357964039224
2025-05-09,JPM,0.00288488154433683
2025-05-12,JPM,-2.109131888217955e-05
2025-05-13,JPM,-0.00012051076698657136
2025-05-14,JPM,0.003186818218210684
2025-05-15,JPM,0.0073310009453639805
2025-05-16,JPM,0.001383965209410184
2025-05-19,JPM,-0.0002484417228207608
2025-05-20,JPM,-0.00021717917675660877
2025-05-21,JPM,-0.0025815775441448766
2025-05-22,JPM,0.00012819551476889028
2025-05-23,JPM,0.00155157697630204
2025-05-27,JPM,0.002166776166558469
2025-05-28,JPM,-0.00437965210442363
2025-05-29,JPM,0.00013990538301828642
2025-05-30,JPM,-0.0003633646754902795
2025-06-02,JPM,-0.0003741616476933287
2025-06-03,JPM,0.0031410431513545682
2025-06-04,JPM,-0.0012383036711738336
2025-06-05,JPM,0.0011104813688343287
2025-06-06,JPM,-0.0005581182793936252
2025-06-09,JPM,0.0018087168554477811
2025-06-10,JPM,0.0023312182156949007
2025-06-11,JPM,0.002980115863263028
2025-06-12,JPM,0.0042220195906902
2025-06-13,JPM,-0.0012913193982428046
2025-06-16,JPM,0.0008679553745304759
2025-06-17,JPM,0.003978770295048914
2025-06-18,JPM,-0.00029634997134047876
2025-06-20,JPM,-0.004134660461594823
2025-06-23,JPM,0.002247913159721112
2025-06-24,JPM,0.00327711625989179
2025-06-25,JPM,0.0022850550894838273
2025-06-26,JPM,0.0014222729626211616
2025-06-27,JPM,-0.00025002552683350094
2025-06-30,JPM,0.0008797092924133491
2025-07-01,JPM,0.0034214621415920533
2025-07-02,JPM,0.0002673818010598319
2025-07-03,JPM,-0.0010522063534137871
2025-07-07,JPM,0.0027811080261748423
2025-07-08,JPM,-4.554171789967828e-05
2025-07-09,JPM,0.00031918614049407737
2025-07-10,JPM,0.0027948056268602174
2025-07-11,JPM,-0.0002058858581677158
2025-07-14,JPM,0.0005668773791468049
2025-07-15,JPM,0.002440601544959405
2025-07-16,JPM,0.00247353404283314
2025-07-17,JPM,0.0033029514883563716
2025-07-18,JPM,0.0026335183134811157
2025-07-21,JPM,-0.0003758972059487237
2025-07-22,JPM,-0.0012109217652172318
2025-07-23,JPM,0.0008524072467088051
2025-07-24,JPM,0.0004860385411887875
2025-07-25,JPM,0.001382443852617815
2025-07-28,JPM,0.004571550996414101
2025-07-29,JPM,0.002261989771866665
2025-07-30,JPM,-0.0004797777482010966
2025-07-31,JPM,0.0021987769049918067
2025-08-01,JPM,0.0003303355316395634
2025-08-04,JPM,-0.0003803390028339275
2025-08-05,JPM,-0.0011456335377687658
2025-08-06,JPM,-0.004049887284833499
2025-08-07,JPM,-0.0009673013202752935
2025-08-08,JPM,-0.0015529937462261168
2025-08-11,JPM,-0.0016633139178950512
2025-08-12,JPM,0.0009248130264190586
2025-08-13,JPM,-0.0013720764305431424
2025-08-14,JPM,0.0014203646451937477
2025-08-15,JPM,0.002660384491545141
2025-08-18,JPM,0.0008463777405153044
2025-08-19,JPM,0.0018964360297043337
2025-08-20,JPM,-0.0009977414901520191
2025-08-21,JPM,-0.00044157110126908587
2025-08-22,JPM,0.002127243156647543
2025-08-25,JPM,-0.00013352652785781304
2025-08-26,JPM,0.0022178795802988236
2025-08-27,JPM,0.00034255309896520083
2025-08-28,JPM,0.0003006152454357433
2025-08-29,JPM,0.0013995752456249433
2025-09-02,JPM,-0.0002023790992664511
2025-09-03,JPM,-0.00037762585480818954
2025-09-04,JPM,-0.0011992188502479811
2025-09-05,JPM,0.0010548866747897758
2025-09-08,JPM,0.0007633419953485379
2025-09-09,JPM,0.001988360425924641
2025-09-10,JPM,-0.002799149310886077
2025-09-11,JPM,0.004028829063076243
2025-09-12,JPM,0.0018830648457513993
2025-09-15,JPM,-0.000493829988519249
2025-09-16,JPM,0.0006663925255377485
2025-09-17,JPM,0.00465415157177892
2025-09-18,JPM,0.0014400378737444931
2025-09-19,JPM,-0.0007164373957028085
2025-09-22,JPM,0.0008165364295991611
2025-09-23,JPM,8.64827476149627e-05
2025-09-24,JPM,-0.0007703371317589532
2025-09-25,JPM,0.002131312569677644
2025-09-26,JPM,-0.002649972018969232
2025-09-29,JPM,0.0006505876484972794
2025-09-30,JPM,-0.0001609844501761239
2025-10-01,JPM,-0.0018371919026566091
2025-10-02,JPM,-0.0004915434156109678
2025-10-03,JPM,0.0010280674629789275
2025-10-06,JPM,0.00037087061411003667
2025-10-07,JPM,-0.00033177514789613726
2025-10-08,JPM,0.004107557658340343
2025-10-09,JPM,-0.0023313822793733516
2025-10-10,JPM,0.00043383805741198226
2025-10-13,JPM,0.0006279529497214623
2025-10-14,JPM,-0.0006748185620908888
2025-10-15,JPM,-0.0018577662949703765
2025-10-16,JPM,0.0024358459474031324
2025-10-17,JPM,-0.002935097115563163
2025-10-20,JPM,-0.00023910983258496017
2025-10-21,JPM,0.0018654345001524412
2025-10-22,JPM,0.001499090781586033
2025-10-23,JPM,0.0013000279537131742
2025-10-24,JPM,0.006085066069122967
2025-10-27,JPM,-0.0009143771731239509
2025-10-28,JPM,0.0008476140135588417
2025-10-29,JPM,0.004137196905735122
2025-10-30,JPM,5.286421386199204e-05
2025-10-31,JPM,0.002307887286893876
2024-11-01,MS,
2024-11-04,MS,
2024-11-05,MS,
2024-11-06,MS,
2024-11-07,MS,
2024-11-08,MS,
2024-11-11,MS,
2024-11-12,MS,
2024-11-13,MS,
2024-11-14,MS,
2024-11-15,MS,0.0031649665816917963
2024-11-18,MS,0.0019882956066081168
2024-11-19,MS,0.0015239499385655492
2024-11-20,MS,0.004895144321186907
2024-11-21,MS,0.0028664779243580546
2024-11-22,MS,-0.00040125061055333415
2024-11-25,MS,-0.002490456509035385
2024-11-26,MS,-0.0018945024075371665
2024-11-27,MS,-0.0012370609627373685
2024-11-29,MS,0.0016539687504695888
2024-12-02,MS,-0.000991320154504115
2024-12-03,MS,0.0030207643921624804
2024-12-04,MS,0.002608587537566342
2024-12-05,MS,-0.0011448464416352173
2024-12-06,MS,-0.0020689377061453985
2024-12-09,MS,-0.0001307728613643404
2024-12-10,MS,0.0008610995630739036
2024-12-11,MS,-0.0037833505262673773
2024-12-12,MS,-0.0018912151617952984
2024-12-13,MS,-0.003283277208087092
2024-12-16,MS,0.003797065925437436
2024-12-17,MS,-0.0003952511759336703
2024-12-18,MS,0.0027056776395680284
2024-12-19,MS,-0.004449310271256369
2024-12-20,MS,-0.0034396877895278297
2024-12-23,MS,0.0007131211653144435
2024-12-24,MS,0.0027809915656871265
2024-12-26,MS,0.005993611771824432
2024-12-27,MS,0.0037307070549910844
2024-12-30,MS,0.00044353454610156695
2024-12-31,MS,0.004227955007951648
2025-01-02,MS,-0.0009226371247649237
2025-01-03,MS,0.0023637544456721585
2025-01-06,MS,-0.001684921858995818
2025-01-07,MS,0.0025084152344581967
2025-01-08,MS,0.0009432005402560413
2025-01-10,MS,-0.0017189989663887488
2025-01-13,MS,0.0009928909531212338
2025-01-14,MS,-0.002582721936622553
2025-01-15,MS,0.006095603049023384
2025-01-16,MS,0.0036956225432742806
2025-01-17,MS,0.005363932045457364
2025-01-21,MS,0.00566568932935368
2025-01-22,MS,0.006248301941933659
2025-01-23,MS,0.001191285334491455
2025-01-24,MS,-0.0006377111628423986
2025-01-27,MS,-0.0002127731570517764
2025-01-28,MS,0.0007855671599933036
2025-01-29,MS,-0.0011664172495304125
2025-01-30,MS,0.00329531664199273
2025-01-31,MS,0.0010880983064362503
2025-02-03,MS,-0.0008800020435963579
2025-02-04,MS,-0.0014559727034752013
2025-02-05,MS,0.0003993714831141798
2025-02-06,MS,-0.0004820542510288548
2025-02-07,MS,0.00467460600319153
2025-02-10,MS,0.0018644862510809083
2025-02-11,MS,-0.0025449116018506322
2025-02-12,MS,-0.004447738272947036
2025-02-13,MS,0.002399603170844471
2025-02-14,MS,9.819306397430263e-06
2025-02-18,MS,0.0030358967435695815
2025-02-19,MS,0.0037982497952180833
2025-02-20,MS,-0.002174106636098392
2025-02-21,MS,0.0018010973377481922
2025-02-24,MS,-0.0017808430559555825
2025-02-25,MS,-0.0005015015023967213
2025-02-26,MS,0.001204157381132533
2025-02-27,MS,0.00020829818361896838
2025-02-28,MS,-0.000823173416546303
2025-03-03,MS,-0.0003731096119745942
2025-03-04,MS,-0.0018063034802714756
2025-03-05,MS,-0.0010853708810579026
2025-03-06,MS,0.001173705753194584
2025-03-07,MS,-0.0007471577285635058
2025-03-10,MS,-0.003260743225079964
2025-03-11,MS,-0.0033370284769409226
2025-03-12,MS,0.000212537482670034
2025-03-13,MS,0.002047535868001808
2025-03-14,MS,0.0010123970183618096
2025-03-17,MS,0.0014134981195946012
2025-03-18,MS,0.0022824756937976135
2025-03-19,MS,0.0035631795018210254
2025-03-20,MS,0.001839067974280504
2025-03-21,MS,0.002765069031968506
2025-03-24,MS,0.001581231001139587
2025-03-25,MS,0.0003751323234466139
2025-03-26,MS,0.0023149819785412535
2025-03-27,MS,0.0010554993003528477
2025-03-28,MS,-0.005172465747848771
2025-03-31,MS,-0.0027792271690908225
2025-04-01,MS,-0.0016730676627859228
2025-04-02,MS,-0.0013203673877467666
2025-04-03,MS,-0.0010622736118814254
2025-04-04,MS,-0.0021917646407954372
2025-04-07,MS,-0.002630250181084895
2025-04-08,MS,-0.0020827663397967157
2025-04-09,MS,0.001726835412787489
2025-04-10,MS,0.0025054006022908397
2025-04-11,MS,0.004910097328660914
2025-04-14,MS,0.005544946512995953
2025-04-15,MS,0.008429297309812709
2025-04-16,MS,0.0012931311866125673
2025-04-17,MS,0.004148352976089686
2025-04-21,MS,-0.0006794397321965402
2025-04-22,MS,0.004813786893786099
2025-04-23,MS,0.001929675160209214
2025-04-24,MS,0.004722448973990676
2025-04-25,MS,0.001980114190297433
2025-04-28,MS,0.0014207532061523082
2025-04-29,MS,0.002477609634738431
2025-04-30,MS,0.0015025374481708155
2025-05-01,MS,0.0043078426626504945
2025-05-02,MS,0.0027693325912663434
2025-05-05,MS,0.0012597751757723995
2025-05-06,MS,0.002343149930157474
2025-05-07,MS,0.0008293831971406171
2025-05-08,MS,-0.0013002550168554625
2025-05-09,MS,-0.0028641597244256525
2025-05-12,MS,0.004173252185233308
2025-05-13,MS,0.00447852967588022
2025-05-14,MS,0.0023376755410367076
2025-05-15,MS,0.0035732176593380716
2025-05-16,MS,-0.0010764749618401579
2025-05-19,MS,0.0030979846355353178
2025-05-20,MS,0.0022072706757505765
2025-05-21,MS,-0.0028469239958927948
2025-05-22,MS,0.0009118598576733901
2025-05-23,MS,0.00019955319284642946
2025-05-27,MS,-0.003117582190045055
2025-05-28,MS,0.005708089188509286
2025-05-29,MS,0.0019689160007745955
2025-05-30,MS,0.00601259730879686
2025-06-02,MS,0.0026389916791420406
2025-06-03,MS,0.0017364947879989878
2025-06-04,MS,-0.0016116818718961358
2025-06-05,MS,0.002314180930147364
2025-06-06,MS,0.002915536946498475
2025-06-09,MS,-0.0009338679156819126
2025-06-10,MS,0.0012777390251497256
2025-06-11,MS,0.0011236608970592351
2025-06-12,MS,-0.0006231174233414168
2025-06-13,MS,-0.0027041006259228804
2025-06-16,MS,0.0002384335333761968
2025-06-17,MS,0.0002814955465570649
2025-06-18,MS,0.001465124054948914
2025-06-20,MS,-0.0007422059487590912
2025-06-23,MS,0.001722766474580605
2025-06-24,MS,-0.00045464259792148435
2025-06-25,MS,0.003275780299078972
2025-06-26,MS,0.0004007241566725574
2025-06-27,MS,0.004895991253384137
2025-06-30,MS,-0.00020021285362287634
2025-07-01,MS,0.0023629046378508267
2025-07-02,MS,-0.00018474764986649728
2025-07-03,MS,0.0021576703527250154
2025-07-07,MS,7.1098150180527e-05
2025-07-08,MS,-0.0004915242994042556
2025-07-09,MS,-0.000743103441177594
2025-07-10,MS,-0.0003005640846344404
2025-07-11,MS,-0.0008643143178519067
2025-07-14,MS,0.0034528738267206455
2025-07-15,MS,-0.002817835130883322
2025-07-16,MS,0.0006619974465384515
2025-07-17,MS,0.0025946714299946378
2025-07-18,MS,0.000330757408576093
2025-07-21,MS,-0.0019857126411089877
2025-07-22,MS,0.0021326680099253105
2025-07-23,MS,-0.00021006617261814273
2025-07-24,MS,0.00047472254880311814
2025-07-25,MS,-0.0003882197550498655
2025-07-28,MS,0.0007116394709836337
2025-07-29,MS,0.0031497387948976135
2025-07-30,MS,-0.0006548101442299792
2025-07-31,MS,0.0016304437931766538
2025-08-01,MS,0.0017296203492207932
2025-08-04,MS,0.0019648525638630916
2025-08-05,MS,-0.0013635342604867294
2025-08-06,MS,-0.001426133730747529
2025-08-07,MS,-0.001979081277458451
2025-08-08,MS,0.0015937970094138311
2025-08-11,MS,0.0003106640090675979
2025-08-12,MS,0.00294305994610253
2025-08-13,MS,-0.0005625363415138348
2025-08-14,MS,0.0018409974582844304
2025-08-15,MS,0.0008771217574295646
2025-08-18,MS,0.003414097496862114
2025-08-19,MS,-0.0021246744304437492
2025-08-20,MS,-0.0015947876803778349
2025-08-21,MS,0.0011988327478335554
2025-08-22,MS,0.002038925521212707
2025-08-25,MS,-0.0012764125222315412
2025-08-26,MS,0.002636401810805165
2025-08-27,MS,0.0017680035110477753
2025-08-28,MS,0.0019678347286995004
2025-08-29,MS,0.0005225811019305437
2025-09-02,MS,0.0010846464881359456
2025-09-03,MS,5.8610524013132266e-05
2025-09-04,MS,0.0012195696227224975
2025-09-05,MS,-0.0020093308574435356
2025-09-08,MS,-0.0016544282003912903
2025-09-09,MS,-0.0006637824121654575
2025-09-10,MS,0.006786194674204569
2025-09-11,MS,0.003680717073332949
2025-09-12,MS,0.005169184556894238
2025-09-15,MS,0.0007795030486266907
2025-09-16,MS,0.002197534031597115
2025-09-17,MS,0.003702152125656063
2025-09-18,MS,-0.003358883394703855
2025-09-19,MS,0.00011712600722494975
2025-09-22,MS,0.0005524618342431762
2025-09-23,MS,0.0007334430472213404
2025-09-24,MS,0.0005669395901859852
2025-09-25,MS,-0.00204625515536117
2025-09-26,MS,-0.001074259641851405
2025-09-29,MS,0.0027302368326873228
2025-09-30,MS,-0.0016573470554936524
2025-10-01,MS,0.001160112088572994
2025-10-02,MS,-0.0006848021636801573
2025-10-03,MS,-0.00018366849835017488
2025-10-06,MS,0.0046189997388061295
2025-10-07,MS,-0.0010388071222149158
2025-10-08,MS,-0.002076379455209158
2025-10-09,MS,0.005905065086971978
2025-10-10,MS,-0.002207740089394602
2025-10-13,MS,0.0035730381230974152
2025-10-14,MS,0.002018096608115686
2025-10-15,MS,0.004538512409441623
2025-10-16,MS,0.0014209793956300445
2025-10-17,MS,0.005216086771210636
2025-10-20,MS,0.002058177313960678
2025-10-21,MS,-0.0006342307332361605
2025-10-22,MS,-0.002233057748462013
2025-10-23,MS,-4.5267104867709445e-05
2025-10-24,MS,0.0018867979579983297
2025-10-27,MS,0.003131106554161339
2025-10-28,MS,-0.00034587088598597845
2025-10-29,MS,0.00027701099931647577
2025-10-30,MS,0.0042462755328547186
2025-10-31,MS,0.0032609179953741983
2024-11-01,PNC,
2024-11-04,PNC,
2024-11-05,PNC,
2024-11-06,PNC,
2024-11-07,PNC,
2024-11-08,PNC,
2024-11-11,PNC,
2024-11-12,PNC,
2024-11-13,PNC,
2024-11-14,PNC,
2024-11-15,PNC,0.004435926515752822
2024-11-18,PNC,0.0012150043887417168
2024-11-19,PNC,-0.0009669453540381686
2024-11-20,PNC,-0.0026481791063332526
2024-11-21,PNC,0.0007873560967266362
2024-11-22,PNC,0.0006211321400702097
2024-11-25,PNC,0.002607966160782939
2024-11-26,PNC,0.0033776795847885992
2024-11-27,PNC,0.00020819707281117964
2024-11-29,PNC,0.0027299742213248903
2024-12-02,PNC,-0.0004880963798867796
2024-12-03,PNC,-0.0004109833293082485
2024-12-04,PNC,0.0006965895067519542
2024-12-05,PNC,-0.0028440036501591664
2024-12-06,PNC,-0.0017392556796971671
2024-12-09,PNC,0.0031731073930400524
2024-12-10,PNC,-0.0007871301695687254
2024-12-11,PNC,-0.0055890896456568485
2024-12-12,PNC,0.0023637436000451565
2024-12-13,PNC,-0.00015123063944271734
2024-12-16,PNC,0.004586561108987459
2024-12-17,PNC,-0.0021300650179950703
2024-12-18,PNC,-0.0012127456755740677
2024-12-19,PNC,-0.0006589705057417205
2024-12-20,PNC,-0.0015294682339435117
2024-12-23,PNC,0.0012499814592769778
2024-12-24,PNC,0.001737995994677328
2024-12-26,PNC,0.001797751145643076
2024-12-27,PNC,-0.0005374886849719952
2024-12-30,PNC,-0.0008669931796535647
2024-12-31,PNC,0.0012650099313298996
2025-01-02,PNC,-0.0007962183127022879
2025-01-03,PNC,-0.0022521643719862696
2025-01-06,PNC,-0.0003058600395326964
2025-01-07,PNC,0.0010639081166662404
2025-01-08,PNC,0.004741690529418816
2025-01-10,PNC,0.0021695926679128636
2025-01-13,PNC,-0.0019668987814054437
2025-01-14,PNC,0.0050239230628866234
2025-01-15,PNC,0.0036243292176955273
2025-01-16,PNC,-0.0006627122733670887
2025-01-17,PNC,0.0009127494398439009
2025-01-21,PNC,-0.0031473856139758952
2025-01-22,PNC,0.001794704328010726
2025-01-23,PNC,0.0023260956022666023
2025-01-24,PNC,0.0017264032548274313
2025-01-27,PNC,0.0017104369344867827
2025-01-28,PNC,0.0010668703934823842
2025-01-29,PNC,0.001781569893728496
2025-01-30,PNC,0.0021764944175953465
2025-01-31,PNC,0.0007604614024354932
2025-02-03,PNC,-0.0014615065509889706
2025-02-04,PNC,-0.002052963807537866
2025-02-05,PNC,0.0024194952004010844
2025-02-06,PNC,-0.000597811773436745
2025-02-07,PNC,-0.0017767337680867686
2025-02-10,PNC,-0.0001942806210098436
2025-02-11,PNC,8.05274338736094e-05
2025-02-12,PNC,0.000246779198192056
2025-02-13,PNC,-0.0038285052567250226
2025-02-14,PNC,-0.00029209841765105905
2025-02-18,PNC,0.0007189847423909406
2025-02-19,PNC,0.0014262908470857787
2025-02-20,PNC,0.0020641202115669424
2025-02-21,PNC,0.0007499493952021781
2025-02-24,PNC,-0.0005402779020263316
2025-02-25,PNC,-0.002660586903985915
2025-02-26,PNC,-0.00043544357848091664
2025-02-27,PNC,-0.0017665130666390826
2025-02-28,PNC,0.003326779270619536
2025-03-03,PNC,0.0006708014562628272
2025-03-04,PNC,-0.0019475612748480146
2025-03-05,PNC,-0.0002470211360777949
2025-03-06,PNC,-0.003170947254581373
2025-03-07,PNC,-0.002494437591801314
2025-03-10,PNC,-0.00303146188461667
2025-03-11,PNC,0.0008510894573198658
2025-03-12,PNC,-0.002880448888223381
2025-03-13,PNC,-0.003129550657193345
2025-03-14,PNC,-0.001268099500561604
2025-03-17,PNC,0.0036833848973435515
2025-03-18,PNC,0.0032255277078685933
2025-03-19,PNC,-0.0032854203810930567
2025-03-20,PNC,-0.00017033713722561803
2025-03-21,PNC,-0.0004943887552818417
2025-03-24,PNC,-0.0010300056260378102
2025-03-25,PNC,0.0018395675703587547
2025-03-26,PNC,-0.0011045197030012744
2025-03-27,PNC,-0.0002356217663697076
2025-03-28,PNC,0.0003639996862470283
2025-03-31,PNC,0.0030839903522633253
2025-04-01,PNC,0.0007856640885471701
2025-04-02,PNC,-0.0011016284527786183
2025-04-03,PNC,-0.0015054146935603234
2025-04-04,PNC,0.0009011736531074968
2025-04-07,PNC,-0.004489516280640941
2025-04-08,PNC,-0.0018087954804350329
2025-04-09,PNC,0.0010305131724610453
2025-04-10,PNC,-0.003004285335708462
2025-04-11,PNC,0.0027063290931226315
2025-04-14,PNC,0.003609201215514683
2025-04-15,PNC,0.0030268976777790193
2025-04-16,PNC,-0.0012690004030064062
2025-04-17,PNC,-0.004010715079498021
2025-04-21,PNC,0.0002962150241090952
2025-04-22,PNC,0.0031542184318009165
2025-04-23,PNC,0.0015257727733511387
2025-04-24,PNC,0.0016197214734452142
2025-04-25,PNC,0.0023300456228549254
2025-04-28,PNC,0.0026445705712224233
2025-04-29,PNC,0.00047240130296099213
2025-04-30,PNC,0.0023198667951638482
2025-05-01,PNC,-0.0015837388837374815
2025-05-02,PNC,-0.00027092782934141
2025-05-05,PNC,0.003424937407584048
2025-05-06,PNC,-0.0016399572002206149
2025-05-07,PNC,-0.0024150823030864204
2025-05-08,PNC,-0.0003328668275750595
2025-05-09,PNC,0.0002862557324795392
2025-05-12,PNC,0.005081820411226798
2025-05-13,PNC,0.00037084017179040167
2025-05-14,PNC,0.0017357039083214156
2025-05-15,PNC,0.0055285457675403
2025-05-16,PNC,0.003654203107710645
2025-05-19,PNC,0.000865038067677389
2025-05-20,PNC,-0.0011618292574565054
2025-05-21,PNC,-0.0014369049428695937
2025-05-22,PNC,0.0027912420876890958
2025-05-23,PNC,0.0012206924255904177
2025-05-27,PNC,0.001785519924775889
2025-05-28,PNC,-0.001012848276595209
2025-05-29,PNC,0.0025149732081010063
2025-05-30,PNC,0.0021169342616654025
2025-06-02,PNC,8.353465221008251e-05
2025-06-03,PNC,0.002534271234286722
2025-06-04,PNC,3.21530023896186e-05
2025-06-05,PNC,-0.002577126978311799
2025-06-06,PNC,0.00021229983899227994
2025-06-09,PNC,0.0007996723315294193
2025-06-10,PNC,0.003186118236294747
2025-06-11,PNC,-0.000926421550798439
2025-06-12,PNC,-0.0007483576064756905
2025-06-13,PNC,-0.0011938805532151274
2025-06-16,PNC,-0.003425684859694781
2025-06-17,PNC,0.00015388197572923745
2025-06-18,PNC,-0.0007268005546521186
2025-06-20,PNC,-0.0009388359842936802
2025-06-23,PNC,-0.002043526187804858
2025-06-24,PNC,0.000469322757581461
2025-06-25,PNC,0.004017376909906255
2025-06-26,PNC,0.005527297867930367
2025-06-27,PNC,0.0007864903982231501
2025-06-30,PNC,0.0002453030121932788
2025-07-01,PNC,0.0038880617055557874
2025-07-02,PNC,0.0026019764804892037
2025-07-03,PNC,0.0009748704910166818
2025-07-07,PNC,-0.0003568730033081313
2025-07-08,PNC,0.002081397714706176
2025-07-09,PNC,0.001311819224319172
2025-07-10,PNC,0.0003635442374681578
2025-07-11,PNC,0.002691751441795112
2025-07-14,PNC,-0.002762723488629511
2025-07-15,PNC,-0.004125015012895575
2025-07-16,PNC,0.002248397990214823
2025-07-17,PNC,-0.0008549089675898745
2025-07-18,PNC,0.003553374194334225
2025-07-21,PNC,0.0012804817016326383
2025-07-22,PNC,0.0042984291202860965
2025-07-23,PNC,-0.0011157820142540286
2025-07-24,PNC,0.002007015476090384
2025-07-25,PNC,0.0011797898035051679
2025-07-28,PNC,0.000581433484196746
2025-07-29,PNC,0.0025550661122995567
2025-07-30,PNC,0.0007942398744497581
2025-07-31,PNC,0.0009236696927767053
2025-08-01,PNC,-0.0016717453325835714
2025-08-04,PNC,-0.000992726666811698
2025-08-05,PNC,0.002077844433595449
2025-08-06,PNC,0.00033972655105858564
2025-08-07,PNC,0.0020035915031773087
2025-08-08,PNC,-0.0031535693158980423
2025-08-11,PNC,-0.0003141123139653976
2025-08-12,PNC,0.0028256826826824058
2025-08-13,PNC,0.0038952792833719307
2025-08-14,PNC,0.0019402657090050594
2025-08-15,PNC,-0.0009111253985276162
2025-08-18,PNC,0.004031735456617849
2025-08-19,PNC,0.0024887802257684112
2025-08-20,PNC,0.0032434608962889086
2025-08-21,PNC,-0.0005550938740289508
2025-08-22,PNC,0.0034704021703434434
2025-08-25,PNC,0.0015729192730773536
2025-08-26,PNC,0.003185759855488958
2025-08-27,PNC,0.001847692857584508
2025-08-28,PNC,0.0070495248868414784
2025-08-29,PNC,-0.0005766521592922543
2025-09-02,PNC,-0.001067491119445072
2025-09-03,PNC,0.0012769466993404277
2025-09-04,PNC,0.0006296356350938757
2025-09-05,PNC,-0.0026636293922482315
2025-09-08,PNC,-0.0027869293787857892
2025-09-09,PNC,0.002475464516965991
2025-09-10,PNC,0.0036272908314985506
2025-09-11,PNC,0.0004767821067752572
2025-09-12,PNC,-0.002217547418160896
2025-09-15,PNC,-0.00045875360003483877
2025-09-16,PNC,-0.0030537807187409525
2025-09-17,PNC,-0.00032860816541110656
2025-09-18,PNC,-0.002068270888203349
2025-09-19,PNC,-0.004959071054585557
2025-09-22,PNC,-0.0024869555002985976
2025-09-23,PNC,0.003211420035540433
2025-09-24,PNC,0.004223598218247206
2025-09-25,PNC,0.0011724635768436329
2025-09-26,PNC,0.001670362929725955
2025-09-29,PNC,-0.000948428652431627
2025-09-30,PNC,0.0018582165489953312
2025-10-01,PNC,0.00029250753774073455
2025-10-02,PNC,-0.0012645443090412774
2025-10-03,PNC,0.0004766730454547323
2025-10-06,PNC,0.0015213967250135626
2025-10-07,PNC,-0.0031459141127912786
2025-10-08,PNC,-0.002452337905013918
2025-10-09,PNC,-0.0019170291236109021
2025-10-10,PNC,-0.005065510654757802
2025-10-13,PNC,0.001567592284212564
2025-10-14,PNC,-0.0006921391753692823
2025-10-15,PNC,0.0016360577594645089
2025-10-16,PNC,-0.002893566912116027
2025-10-17,PNC,-0.001725758158055037
2025-10-20,PNC,-0.0015651463557841093
2025-10-21,PNC,0.0016530001870051865
2025-10-22,PNC,0.000607413147006399
2025-10-23,PNC,4.167863351263999e-05
2025-10-24,PNC,0.0029172225213456994
2025-10-27,PNC,0.0013378550164018597
2025-10-28,PNC,-0.0020532022003286665
2025-10-29,PNC,0.002624911723531802
2025-10-30,PNC,0.0004625630169315172
2025-10-31,PNC,0.0013421651504743855
2024-11-01,USB,
2024-11-04,USB,
2024-11-05,USB,
2024-11-06,USB,
2024-11-07,USB,
2024-11-08,USB,
2024-11-11,USB,
2024-11-12,USB,
2024-11-13,USB,
2024-11-14,USB,
2024-11-15,USB,0.00358938000977929
2024-11-18,USB,0.0009329465202610628
2024-11-19,USB,0.0021353944407008435
2024-11-20,USB,-0.0025233742356273216
2024-11-21,USB,0.00032709251128815837
2024-11-22,USB,0.004273491806179464
2024-11-25,USB,0.003880206623694294
2024-11-26,USB,0.0048930374745434786
2024-11-27,USB,0.0026121965662700536
2024-11-29,USB,0.0031973566855826928
2024-12-02,USB,0.0035932723093104954
2024-12-03,USB,0.0003098423211112945
2024-12-04,USB,0.0008576076865975823
2024-12-05,USB,0.0012850752343796872
2024-12-06,USB,0.0006093049187595071
2024-12-09,USB,0.0028811900645412305
2024-12-10,USB,-0.0007576852046954335
2024-12-11,USB,-0.0028865868615445033
2024-12-12,USB,-0.0003199374858395567
2024-12-13,USB,-0.00466447010848021
2024-12-16,USB,-0.002195874027192974
2024-12-17,USB,-0.001199630360408327
2024-12-18,USB,-0.004202178104073188
2024-12-19,USB,-0.0035716104636780302
2024-12-20,USB,-0.0014337705666827637
2024-12-23,USB,-0.0027081783801579727
2024-12-24,USB,-0.0008488224670233383
2024-12-26,USB,0.0006369584114634006
2024-12-27,USB,0.00015024270564842454
2024-12-30,USB,0.0007905560724124017
2024-12-31,USB,0.00014450535046040935
2025-01-02,USB,-0.0007121217069510461
2025-01-03,USB,0.002922896138980328
2025-01-06,USB,0.0017005320632659223
2025-01-07,USB,-0.0003003987755198327
2025-01-08,USB,-0.002903664609724822
2025-01-10,USB,0.0034378019316348685
2025-01-13,USB,0.0018500213809514304
2025-01-14,USB,0.003602421098049274
2025-01-15,USB,0.001380326348750086
2025-01-16,USB,0.0024943409194062164
2025-01-17,USB,0.00234600151980792
2025-01-21,USB,0.0025954033922728904
2025-01-22,USB,0.0016602260731316315
2025-01-23,USB,-0.0016621611730575627
2025-01-24,USB,0.002157075456674246
2025-01-27,USB,0.0031704940877469107
2025-01-28,USB,-0.0030590468104180484
2025-01-29,USB,-0.0014277273007974255
2025-01-30,USB,9.446030391431438e-05
2025-01-31,USB,-0.002122894332003674
2025-02-03,USB,-0.00265007101643208
2025-02-04,USB,0.002939046072998809
2025-02-05,USB,0.0006269193078743371
2025-02-06,USB,0.0014189372007943056
2025-02-07,USB,-0.0007332738785357253
2025-02-10,USB,0.00017800161458505413
2025-02-11,USB,0.0009509916654655256
2025-02-12,USB,0.0028782028256480784
2025-02-13,USB,8.703472621388693e-05
2025-02-14,USB,0.0011634432022046904
2025-02-18,USB,0.001475198713161297
2025-02-19,USB,0.0002957626368695374
2025-02-20,USB,0.0007995762863589151
2025-02-21,USB,-0.0018289984422416095
2025-02-24,USB,-0.0007178132102726456
2025-02-25,USB,0.0009883215906188363
2025-02-26,USB,0.0006495293326630241
2025-02-27,USB,-0.0019232492931627342
2025-02-28,USB,0.0033098071571735824
2025-03-03,USB,0.005166740809323389
2025-03-04,USB,-0.002423473379594813
2025-03-05,USB,0.00022657966107354419
2025-03-06,USB,0.00037178102716249443
2025-03-07,USB,-0.0022370620809582823
2025-03-10,USB,-0.0017889501658669281
2025-03-11,USB,-0.0040166732475157806
2025-03-12,USB,-0.00010467279322610632
2025-03-13,USB,-0.0019967376380346036
2025-03-14,USB,-0.005664989297927464
2025-03-17,USB,0.0002903068923052186
2025-03-18,USB,0.007252634083057504
2025-03-19,USB,-0.0005383302108379606
2025-03-20,USB,0.0034140306987915283
2025-03-21,USB,0.0029690097796825137
2025-03-24,USB,0.003364631225318088
2025-03-25,USB,0.0015280342505538914
2025-03-26,USB,-0.001024519777000717
2025-03-27,USB,-0.003085334549925818
2025-03-28,USB,0.0017195435777672965
2025-03-31,USB,-0.0004929801889120425
2025-04-01,USB,0.002495081785061107
2025-04-02,USB,-0.003144201502309296
2025-04-03,USB,-0.0008373166650447776
2025-04-04,USB,-0.0035650372028820983
2025-04-07,USB,-0.00010481447044214135
2025-04-08,USB,-0.0019404920625963947
2025-04-09,USB,0.0022191090430954
2025-04-10,USB,0.002408652756926163
2025-04-11,USB,0.0007903702426632301
2025-04-14,USB,0.0026383473309175677
2025-04-15,USB,0.0035195090855979364
2025-04-16,USB,-0.0013966795331464353
2025-04-17,USB,0.0006944815547929568
2025-04-21,USB,-3.940928402654644e-05
2025-04-22,USB,0.004949313225349207
2025-04-23,USB,0.003050223257356481
2025-04-24,USB,0.003688104401152672
2025-04-25,USB,0.001065403922729353
2025-04-28,USB,0.00563665395978878
2025-04-29,USB,0.003266559530650374
2025-04-30,USB,0.00011645151241055631
2025-05-01,USB,0.0018138872796032836
2025-05-02,USB,1.6132073460843827e-05
2025-05-05,USB,0.0052815874549474225
2025-05-06,USB,0.0016410986508875892
2025-05-07,USB,0.003044804398701066
2025-05-08,USB,0.0016728843080360547
2025-05-09,USB,3.074416472871914e-05
2025-05-12,USB,0.0038044492746834423
2025-05-13,USB,0.002982867404952113
2025-05-14,USB,-0.0008191947475900312
2025-05-15,USB,-0.0006155201680530004
2025-05-16,USB,0.004441235952891065
2025-05-19,USB,0.0025188374662880914
2025-05-20,USB,0.0012862157301648017
2025-05-21,USB,-0.0018226447313593529
2025-05-22,USB,-0.0009367886360282146
2025-05-23,USB,0.0038966641172656228
2025-05-27,USB,-0.0022439860440908238
2025-05-28,USB,0.0022756035919494757
2025-05-29,USB,0.0028334028772932025
2025-05-30,USB,-0.0006209792812089372
2025-06-02,USB,0.0006215669192943549
2025-06-03,USB,-0.0003673806036180063
2025-06-04,USB,0.0020009635412203504
2025-06-05,USB,0.001273205793160941
2025-06-06,USB,0.001370766621772049
2025-06-09,USB,0.0027187488853879166
2025-06-10,USB,-0.0018093259300421887
2025-06-11,USB,-0.00013741788643768273
2025-06-12,USB,3.7765417773845725e-05
2025-06-13,USB,0.002920246491295964
2025-06-16,USB,-0.0009692241157189778
2025-06-17,USB,-0.002415645667112278
2025-06-18,USB,0.0007065800637703334
2025-06-20,USB,0.0018466624319986933
2025-06-23,USB,0.0013857134626024787
2025-06-24,USB,0.0022606116898254256
2025-06-25,USB,0.004915660042946978
2025-06-26,USB,0.004328639062920669
2025-06-27,USB,0.0020406389597193504
2025-06-30,USB,5.812382816929181e-05
2025-07-01,USB,0.002024299651586083
2025-07-02,USB,0.0038883977898692057
2025-07-03,USB,0.0018692478973685205
2025-07-07,USB,-0.0008405279461888332
2025-07-08,USB,0.0022559559335002203
2025-07-09,USB,0.0018707725935010852
2025-07-10,USB,-0.0036848536811669094
2025-07-11,USB,0.005369394772286272
2025-07-14,USB,-0.004507113822714875
2025-07-15,USB,-0.0022127090907033448
2025-07-16,USB,0.003681642504452355
2025-07-17,USB,-0.0013788771948963542
2025-07-18,USB,0.0010933863054480195
2025-07-21,USB,0.00447812422709784
2025-07-22,USB,0.0015043298104817074
2025-07-23,USB,-0.002568122933568105
2025-07-24,USB,-0.0023814398083536505
2025-07-25,USB,0.0016611592890162755
2025-07-28,USB,0.00036821971282458265
2025-07-29,USB,0.00047922895904222015
2025-07-30,USB,-0.0029970551475781357
2025-07-31,USB,0.0006851437727091108
2025-08-01,USB,0.000924875955155274
2025-08-04,USB,-2.827925860363447e-05
2025-08-05,USB,-0.0027907448672913654
2025-08-06,USB,0.002813183563177417
2025-08-07,USB,0.0042817211587273165
2025-08-08,USB,0.0038320050360097406
2025-08-11,USB,-0.0006927875698324236
2025-08-12,USB,0.004842690155910186
2025-08-13,USB,0.002885355849364405
2025-08-14,USB,0.004788965576110268
2025-08-15,USB,-0.0009052684275315387
2025-08-18,USB,-0.0024661463334299787
2025-08-19,USB,0.0015842216114526114
2025-08-20,USB,0.002118997677590468
2025-08-21,USB,-0.0031985283242283074
2025-08-22,USB,0.003669286617273182
2025-08-25,USB,0.0016875961192953746
2025-08-26,USB,0.004583325186926907
2025-08-27,USB,0.0019926701261183417
2025-08-28,USB,0.005112632421552043
2025-08-29,USB,0.0006577102498202754
2025-09-02,USB,0.0036596745591756146
2025-09-03,USB,0.0008568898562052997
2025-09-04,USB,0.002087950968103392
2025-09-05,USB,7.415056142891035e-05
2025-09-08,USB,-0.001679184364668033
2025-09-09,USB,0.0010007389283752833
2025-09-10,USB,0.005100580025644835
2025-09-11,USB,-0.0009467991668219587
2025-09-12,USB,0.0029537064058992113
2025-09-15,USB,-0.002618517352530997
2025-09-16,USB,-0.0015368315073398136
2025-09-17,USB,0.0008111677491359781
2025-09-18,USB,-0.0004668472846220842
2025-09-19,USB,0.004023581242872777
2025-09-22,USB,0.00266871337455325
2025-09-23,USB,0.0029138602297095004
2025-09-24,USB,0.002070448224145768
2025-09-25,USB,-0.004287953769786216
2025-09-26,USB,0.0010138601936304716
2025-09-29,USB,-0.0010642361129370322
2025-09-30,USB,0.001727437228762495
2025-10-01,USB,-0.0011785442972445475
2025-10-02,USB,-0.0001937606499779271
2025-10-03,USB,0.0004913382131127984
2025-10-06,USB,0.0019545724037750164
2025-10-07,USB,0.0009211661483276724
2025-10-08,USB,-0.003295728174072359
2025-10-09,USB,0.0008524688472591356
2025-10-10,USB,-0.0014302596304772218
2025-10-13,USB,-0.004219083952262095
2025-10-14,USB,0.0008057714020028551
2025-10-15,USB,0.0010378380639261388
2025-10-16,USB,-0.003697564872121892
2025-10-17,USB,0.002240830256061181
2025-10-20,USB,0.0019160410510804411
2025-10-21,USB,0.002011360756564441
2025-10-22,USB,0.0010461545098748091
2025-10-23,USB,0.001816320074966805
2025-10-24,USB,0.0041807218950258365
2025-10-27,USB,7.893773791160037e-05
2025-10-28,USB,0.002944324875340964
2025-10-29,USB,-0.001393246976575393
2025-10-30,USB,-0.00042963781512662654
2025-10-31,USB,-0.002169429599084262
2024-11-01,WFC,
2024-11-04,WFC,
2024-11-05,WFC,
2024-11-06,WFC,
2024-11-07,WFC,
2024-11-08,WFC,
2024-11-11,WFC,
2024-11-12,WFC,
2024-11-13,WFC,
2024-11-14,WFC,
2024-11-15,WFC,0.0036133707529210192
2024-11-18,WFC,0.0007194698604314881
2024-11-19,WFC,0.0014954783951023295
2024-11-20,WFC,-0.0012179595674746383
2024-11-21,WFC,8.185338829830324e-05
2024-11-22,WFC,0.0016435438286531601
2024-11-25,WFC,0.005308883147293875
2024-11-26,WFC,0.003155236298231253
2024-11-27,WFC,0.0021782567637506044
2024-11-29,WFC,0.004295603205280397
2024-12-02,WFC,0.0012801389957573595
2024-12-03,WFC,0.002736280697594237
2024-12-04,WFC,-0.0003556377861569421
2024-12-05,WFC,-0.0024648337797973817
2024-12-06,WFC,-0.0002728193019353458
2024-12-09,WFC,0.000973670384895513
2024-12-10,WFC,0.0023435642901691784
2024-12-11,WFC,0.002716271059751708
2024-12-12,WFC,0.004330157975423014
2024-12-13,WFC,-0.00495202976408501
2024-12-16,WFC,0.0023742286305329487
2024-12-17,WFC,-0.0008852909753959677
2024-12-18,WFC,-0.004734951979292279
2024-12-19,WFC,-0.0015019933152950167
2024-12-20,WFC,0.0005304042774195714
2024-12-23,WFC,0.0018736999434712867
2024-12-24,WFC,-8.498868150028289e-05
2024-12-26,WFC,0.0023032312634998784
2024-12-27,WFC,0.0010045735367021353
2024-12-30,WFC,0.002313173230234189
2024-12-31,WFC,-0.000982707199470416
2025-01-02,WFC,0.00547798161464068
2025-01-03,WFC,0.0028607161532427125
2025-01-06,WFC,0.001441867387847864
2025-01-07,WFC,0.0025196110363867007
2025-01-08,WFC,0.001182898597417283
2025-01-10,WFC,0.002241919649810247
2025-01-13,WFC,0.0019991712174024295
2025-01-14,WFC,0.000958355655638135
2025-01-15,WFC,0.0032360397124176652
2025-01-16,WFC,0.0019756563310773167
2025-01-17,WFC,0.005978472117564173
2025-01-21,WFC,0.006506361706870755
2025-01-22,WFC,0.004197721004272076
2025-01-23,WFC,0.004205111720389146
2025-01-24,WFC,0.0011030030822499744
2025-01-27,WFC,0.004134946091688709
2025-01-28,WFC,0.0006751236000917739
2025-01-29,WFC,-0.0009045848435693133
2025-01-30,WFC,-0.0005873145399080326
2025-01-31,WFC,-0.0014542078792274197
2025-02-03,WFC,0.0011320953576103127
2025-02-04,WFC,-0.0008469114012732473
2025-02-05,WFC,0.003320846672133123
2025-02-06,WFC,0.001222974351794947
2025-02-07,WFC,0.004177497037560958
2025-02-10,WFC,0.0017425972835572279
2025-02-11,WFC,0.0005329538376008379
2025-02-12,WFC,0.0033575109152669024
2025-02-13,WFC,0.003661113005725483
2025-02-14,WFC,0.0014120915815710822
2025-02-18,WFC,0.0012928829672248176
2025-02-19,WFC,0.002194288969922342
2025-02-20,WFC,0.00033035593280533027
2025-02-21,WFC,-0.003959015563483605
2025-02-24,WFC,0.0003075063663768373
2025-02-25,WFC,-0.0039031948473614545
2025-02-26,WFC,0.003462605179231407
2025-02-27,WFC,-0.0034147787056810304
2025-02-28,WFC,0.0025257281906597012
2025-03-03,WFC,0.0009923903343728464
2025-03-04,WFC,-0.0011231535670775303
2025-03-05,WFC,-0.0014274635378230306
2025-03-06,WFC,0.0005781495787740873
2025-03-07,WFC,-0.0038970275890350655
2025-03-10,WFC,-0.0013350120406915907
2025-03-11,WFC,-0.0016972793036586255
2025-03-12,WFC,0.00025067170851620095
2025-03-13,WFC,0.0023085392412753383
2025-03-14,WFC,0.003882492645126562
2025-03-17,WFC,0.005603746863431538
2025-03-18,WFC,0.0016213109733970623
2025-03-19,WFC,0.002138854006401206
2025-03-20,WFC,0.005156683720790069
2025-03-21,WFC,0.00030444869583766757
2025-03-24,WFC,0.0015128330630084662
2025-03-25,WFC,-0.0038674626619324207
2025-03-26,WFC,0.0037733592628378587
2025-03-27,WFC,-0.00022610190908836842
2025-03-28,WFC,-0.00120027250472199
2025-03-31,WFC,0.0012447332271920543
2025-04-01,WFC,0.0006127763718303086
2025-04-02,WFC,0.0009343036957455081
2025-04-03,WFC,0.0006675054341557872
2025-04-04,WFC,-0.0014012268141810845
2025-04-07,WFC,-0.0018211944411161373
2025-04-08,WFC,-0.0030294266911407124
2025-04-09,WFC,0.0008363964779549025
2025-04-10,WFC,0.002978942072826226
2025-04-11,WFC,0.0018082749499140451
2025-04-14,WFC,0.0031777717208788876
2025-04-15,WFC,0.004372739555001813
2025-04-16,WFC,0.0034659059859838285
2025-04-17,WFC,0.004348015750465015
2025-04-21,WFC,0.0033878303550077546
2025-04-22,WFC,0.0009114471628827781
2025-04-23,WFC,0.0034637520268076317
2025-04-24,WFC,0.006057162211985665
2025-04-25,WFC,0.0029068910109057333
2025-04-28,WFC,0.0052891379483533995
2025-04-29,WFC,0.003717973179755713
2025-04-30,WFC,0.003971716014047548
2025-05-01,WFC,0.003643709851284559
2025-05-02,WFC,-0.0004583327596153434
2025-05-05,WFC,-0.0008805181685616133
2025-05-06,WFC,0.002844321544323565
2025-05-07,WFC,0.0012029451814695395
2025-05-08,WFC,-0.000733623991895935
2025-05-09,WFC,-0.002452773510772619
2025-05-12,WFC,1.0903643942570098e-05
2025-05-13,WFC,0.004156966223798551
2025-05-14,WFC,0.0024565688638712724
2025-05-15,WFC,0.0010111295003164818
2025-05-16,WFC,0.003600089750306636
2025-05-19,WFC,0.0010592642734354636
2025-05-20,WFC,0.0017294608523696624
2025-05-21,WFC,-0.0023553287421857628
2025-05-22,WFC,0.0008234693018251503
2025-05-23,WFC,-0.0021680724147269195
2025-05-27,WFC,0.001618216589470902
2025-05-28,WFC,0.0027515200282407252
2025-05-29,WFC,0.0001563003561603543
2025-05-30,WFC,0.0009093139571157816
2025-06-02,WFC,0.0012733916944417279
2025-06-03,WFC,0.0015438659966850224
2025-06-04,WFC,-0.0007646092734768625
2025-06-05,WFC,-0.0011484610136433867
2025-06-06,WFC,-0.00038839443354709256
2025-06-09,WFC,-0.0016957233927255657
2025-06-10,WFC,0.0012074773939378136
2025-06-11,WFC,0.0008998497736651174
2025-06-12,WFC,0.00184948696340873
2025-06-13,WFC,-0.001975662167311539
2025-06-16,WFC,-0.0012743457504058018
2025-06-17,WFC,-0.002662014542576227
2025-06-18,WFC,-0.0009753300521345636
2025-06-20,WFC,-0.0019550796931440528
2025-06-23,WFC,0.0011846867396996489
2025-06-24,WFC,0.003949406429210915
2025-06-25,WFC,0.004231881268329465
2025-06-26,WFC,0.002842227811187938
2025-06-27,WFC,0.0029131782355293345
2025-06-30,WFC,-0.002506550501362924
2025-07-01,WFC,0.002714053571231382
2025-07-02,WFC,0.00027844093951054426
2025-07-03,WFC,0.002536547210349109
2025-07-07,WFC,0.002534862283468209
2025-07-08,WFC,0.0018409953367396338
2025-07-09,WFC,-0.0015919015173977322
2025-07-10,WFC,0.0006370907737616434
2025-07-11,WFC,-0.0012469046596519718
2025-07-14,WFC,0.0007770219698498209
2025-07-15,WFC,-0.004776670155237424
2025-07-16,WFC,0.007832342014065316
2025-07-17,WFC,-0.002769263702053506
2025-07-18,WFC,-0.002730965744583892
2025-07-21,WFC,-0.0011523484885027503
2025-07-22,WFC,0.0005070349264725076
2025-07-23,WFC,0.0013270906161629429
2025-07-24,WFC,0.0009710986253618061
2025-07-25,WFC,-0.0024451442595247452
2025-07-28,WFC,0.003436667040895026
2025-07-29,WFC,0.0014501417519671418
2025-07-30,WFC,0.0016244695301123413
2025-07-31,WFC,0.0007524841233772208
2025-08-01,WFC,-0.0054816452199042374
2025-08-04,WFC,-0.0007045900917261154
2025-08-05,WFC,-0.0009820233920836317
2025-08-06,WFC,0.0006472123858114504
2025-08-07,WFC,-0.00029131315235851564
2025-08-08,WFC,0.0018588041902296544
2025-08-11,WFC,0.0042868446266969475
2025-08-12,WFC,0.0002494097811162072
2025-08-13,WFC,0.0016596357058526235
2025-08-14,WFC,0.0012807760589388846
2025-08-15,WFC,-0.0005409546527606865
2025-08-18,WFC,0.00032902912856779383
2025-08-19,WFC,-0.00036846526795253977
2025-08-20,WFC,0.0050108961239834545
2025-08-21,WFC,0.0016208592460842256
2025-08-22,WFC,0.002927931341295289
2025-08-25,WFC,1.2329580099844405e-05
2025-08-26,WFC,0.002151286935102633
2025-08-27,WFC,0.0007925872939898058
2025-08-28,WFC,0.0034535212258216988
2025-08-29,WFC,0.0005920185621532494
2025-09-02,WFC,0.0019328255148917312
2025-09-03,WFC,-0.002047002722356356
2025-09-04,WFC,0.0017394338936533248
2025-09-05,WFC,7.812781474840377e-05
2025-09-08,WFC,-0.002438748003956356
2025-09-09,WFC,-0.00045316733703634754
2025-09-10,WFC,-0.001334411065823391
2025-09-11,WFC,0.0002559248295378395
2025-09-12,WFC,0.00010212590469662491
2025-09-15,WFC,0.0038653928407354184
2025-09-16,WFC,0.003679960397618349
2025-09-17,WFC,0.0015813027586482418
2025-09-18,WFC,0.0007750264195828687
2025-09-19,WFC,0.00026431780584928294
2025-09-22,WFC,-0.00024981137464889823
2025-09-23,WFC,0.0010956288126878688
2025-09-24,WFC,0.002627708683174616
2025-09-25,WFC,0.00031344201469871266
2025-09-26,WFC,0.00042056425431333727
2025-09-29,WFC,-0.0003678436990821999
2025-09-30,WFC,0.0028813141484667192
2025-10-01,WFC,0.0015761574847089578
2025-10-02,WFC,-0.0007483009937276804
2025-10-03,WFC,0.0005964306955306633
2025-10-06,WFC,-0.002786729064577402
2025-10-07,WFC,-0.0010741056945635524
2025-10-08,WFC,-0.0012704170513403125
2025-10-09,WFC,-0.0019987771430533255
2025-10-10,WFC,-0.0010506565382658747
2025-10-13,WFC,0.002395849423048937
2025-10-14,WFC,0.0021125132018523
2025-10-15,WFC,0.005981395592159074
2025-10-16,WFC,0.005054423045526316
2025-10-17,WFC,0.006352034897769535
2025-10-20,WFC,0.005842701153606306
2025-10-21,WFC,2.2739602200069027e-05
2025-10-22,WFC,-0.00023989832395484103
2025-10-23,WFC,0.003680282698599325
2025-10-24,WFC,0.002867492706554008
2025-10-27,WFC,-0.0009864177000030508
2025-10-28,WFC,0.0008670147935439452
2025-10-29,WFC,0.0022482186331758995
2025-10-30,WFC,0.002476842716275931
2025-10-31,WFC,0.001316660354623714
