Date,BAC_Close,C_Close,GS_Close,JPM_Close,MS_Close,PNC_Close,USB_Close,WFC_Close,BAC_Volume,C_Volume,GS_Volume,JPM_Volume,MS_Volume,PNC_Volume,USB_Volume,WFC_Volume
2024-11-01,40.79983901977539,61.8116569519043,508.96478271484375,218.3184356689453,113.66719055175781,180.47012329101562,45.78174591064453,63.27263641357422,31220000,11557700,1625000,6923500,4372100,1971500,5480400,13313900
2024-11-04,40.37973403930664,61.02861022949219,501.2423400878906,215.22393798828125,112.97652435302734,179.31297302246094,45.15970993041992,62.313961029052734,31110100,9419600,1797800,8229600,4366300,1429400,7720400,12607400
2024-11-05,40.917083740234375,62.32063674926758,516.4225463867188,216.8984832763672,114.60103607177734,182.06124877929688,45.5616455078125,62.675907135009766,30851400,12649800,2169900,5600700,4798400,1524100,4379800,13447200
2024-11-06,44.36592483520508,67.56704711914062,584.0623779296875,241.93841552734375,127.9084243774414,197.6540985107422,49.054603576660156,70.89313507080078,110086700,41957700,8042800,23987800,22798700,3940700,17523400,63689100
2024-11-07,43.740638732910156,66.66653442382812,570.528564453125,231.4798126220703,124.94149780273438,195.95692443847656,47.42774963378906,68.30078887939453,48339700,18582000,4475600,16451100,7780000,3634200,9625900,18681200
2024-11-08,44.09236145019531,67.17552185058594,577.476806640625,232.06735229492188,126.0018081665039,196.68980407714844,48.049781799316406,68.91079711914062,38331800,14973300,2714000,9502100,6979300,1888900,8615300,14270900
2024-11-11,45.0205192565918,68.32073211669922,590.2952880859375,234.32948303222656,129.8831329345703,202.22491455078125,48.84407043457031,71.39016723632812,43293500,19173100,2510800,9017100,6861300,2578700,8192500,17117800
2024-11-12,44.805580139160156,67.5572509765625,580.740234375,234.59388732910156,128.70606994628906,203.50743103027344,48.576114654541016,71.42952728271484,38155900,15766500,2392900,6861000,5683300,2207100,7564600,17848200
2024-11-13,44.815345764160156,67.43000793457031,582.3375854492188,236.1607208251953,129.14382934570312,201.82952880859375,48.96847915649414,71.59678649902344,36903900,10525300,1763100,11472600,6134800,1653200,7130600,18823000
2024-11-14,44.844661712646484,66.70569610595703,576.8397827148438,236.8560028076172,128.8227996826172,200.53738403320312,48.14548110961914,71.62630462646484,35733100,15043500,1670500,10172200,7344200,1482900,10345100,13654800
2024-11-15,45.675113677978516,67.30276489257812,581.6712036132812,240.22467041015625,130.4084014892578,200.26736450195312,47.753116607666016,73.14147186279297,40488900,15372900,2007700,11518800,7281900,2511500,13570800,18837000
2024-11-18,45.645809173583984,67.53768157958984,576.2321166992188,239.95050048828125,130.13604736328125,199.44772338867188,48.43257522583008,72.89550018310547,32360300,11519000,1848900,9051400,6434100,1652500,7472000,18439600
2024-11-19,45.342933654785156,67.14615631103516,569.75439453125,238.05072021484375,128.63800048828125,197.54803466796875,48.23160934448242,72.24614715576172,28534100,14428200,2217400,6792700,7244800,1841900,5066200,15412900
2024-11-20,45.000980377197266,66.83293914794922,570.2933349609375,235.78858947753906,128.1029815673828,196.67050170898438,48.55698013305664,72.39372253417969,28021000,10495600,1528600,9015300,5125600,1606200,8071200,14415400
2024-11-21,45.391780853271484,67.48873901367188,584.1898193359375,239.68609619140625,131.31307983398438,198.40625,49.179012298583984,73.62357330322266,45336500,11390300,2281900,8783500,5547400,3183100,8218000,20068200
2024-11-22,45.919368743896484,68.35987091064453,590.7265625,243.3975372314453,131.02125549316406,202.5720672607422,50.231689453125,74.7353515625,37996200,16671600,1733700,7997300,6334100,1675400,8301500,14997400
2024-11-25,46.40787124633789,69.2505874633789,590.971435546875,245.10145568847656,130.01931762695312,204.8863983154297,51.32263946533203,75.66020202636719,42718600,19558100,2940800,10295400,8012300,2315000,10234400,28636600
2024-11-26,46.652122497558594,68.27178192138672,593.39208984375,244.7880859375,127.70414733886719,206.55465698242188,51.351348876953125,76.10294342041016,30301500,11605200,2846500,6212100,8817300,1897500,5767500,19139100
2024-11-27,46.67166519165039,68.67310333251953,593.3234252929688,244.61180114746094,127.63604736328125,207.3260955810547,51.17909240722656,75.96519470214844,23278400,9736100,1424500,5472300,5507800,1565700,4506200,19793900
2024-11-29,46.417640686035156,69.36804962158203,596.4006958007812,244.54327392578125,128.02516174316406,207.05609130859375,50.99726867675781,74.94196319580078,23262000,8606500,1170200,5494800,4068200,1112900,3287900,9785000
2024-12-02,45.95844650268555,69.87702941894531,592.5991821289062,241.1452178955078,127.46095275878906,203.81602478027344,50.49964141845703,74.06631469726562,35891500,11932600,1804100,8899700,5512100,1774200,5110200,18274500
2024-12-03,45.74350357055664,69.9063949584961,592.9635620117188,239.74485778808594,126.88703155517578,201.5498809814453,49.85846710205078,72.9447021484375,38123800,17544200,1718100,6657700,4791300,1447100,6520400,15047900
2024-12-04,45.30385208129883,69.98469543457031,589.6445922851562,238.35426330566406,126.44927215576172,200.49879455566406,49.7723388671875,71.8821029663086,24941300,12331900,1617300,7346300,6203700,1458300,4669900,14301100
2024-12-05,45.919368743896484,70.69922637939453,587.7634887695312,240.39117431640625,126.7702865600586,201.37632751464844,49.87760543823242,72.47244262695312,31572100,14307600,1672800,6572500,4991900,1727000,7020200,17766700
2024-12-06,45.92919158935547,70.62092590332031,590.599853515625,242.23220825195312,126.42010498046875,201.18345642089844,49.93502426147461,73.13163757324219,28931700,8781100,1405700,5519700,5013200,1485900,4683500,14798100
2024-12-09,45.103939056396484,70.33706665039062,585.1240234375,238.7557830810547,125.07768249511719,197.2008819580078,49.10245895385742,71.44921112060547,34660900,11957500,1633200,7076500,7753900,1598800,5414900,15517500
2024-12-10,44.94675064086914,70.96350860595703,576.1716918945312,237.8254852294922,123.33643341064453,197.1430206298828,49.35126495361328,70.88839721679688,35665800,16833400,2600800,9108300,6551300,2146200,6357600,12277100
2024-12-11,45.270957946777344,70.43494415283203,583.5877075195312,238.48158264160156,124.11463928222656,196.120849609375,49.11202621459961,70.44564819335938,36790500,22533600,2195300,7884400,8835400,1697500,7842300,11867400
2024-12-12,45.270957946777344,69.91618347167969,582.6520385742188,236.52305603027344,124.42594146728516,195.0890350341797,48.9014892578125,69.65855407714844,24017300,8893000,1218400,6113800,3610500,1618700,7596700,12446700
2024-12-13,44.8681526184082,69.50508880615234,576.6148071289062,234.96600341796875,123.9298324584961,194.3079376220703,48.83449935913086,69.30435180664062,32902300,9819900,1215000,10392700,6091500,1590500,6426800,16794500
2024-12-16,44.67166519165039,69.97490692138672,577.4520263671875,234.61346435546875,125.51542663574219,193.37255859375,49.150306701660156,70.81952667236328,27330400,11833800,1713300,9032000,5659700,2480000,8427100,24602500
2024-12-17,44.25904083251953,69.61275482177734,565.9783935546875,233.4187774658203,124.26056671142578,191.22215270996094,47.82967758178711,69.66838073730469,33054600,12639000,2314100,8083600,7141400,2400600,6774100,15595900
2024-12-18,42.73625183105469,66.67633056640625,541.9183349609375,225.59439086914062,117.74307250976562,185.10845947265625,45.5616455078125,67.65143585205078,41771900,18028000,3271600,11322400,7858800,3539000,8970100,21201200
2024-12-19,42.61835861206055,66.969970703125,545.6016845703125,228.13072204589844,117.2177734375,183.24732971191406,45.37024688720703,67.73998260498047,38583600,13464300,2753300,11790800,8632400,1886500,9802900,16444600
2024-12-20,43.39448547363281,67.7236557006836,557.5283203125,232.67453002929688,120.07769775390625,185.87989807128906,45.85830307006836,69.2059555053711,74222200,27720100,4515900,32348400,14884000,3961400,20225000,50113400
2024-12-23,43.11940383911133,68.2913589477539,562.137451171875,233.44813537597656,121.0601806640625,186.22705078125,46.24109649658203,69.40274047851562,35374800,8248000,1519500,8611500,5074100,1493600,4600700,11817000
2024-12-24,43.600807189941406,69.49529266357422,573.965576171875,237.28688049316406,123.59908294677734,187.15280151367188,46.729156494140625,70.43580627441406,12054400,6544900,913400,3729100,2902800,724300,2393800,4442700
2024-12-26,43.767818450927734,69.83787536621094,572.4291381835938,238.09967041015625,124.54266357421875,187.8181610107422,46.901405334472656,70.60307312011719,16077400,6341700,1092000,4451800,3013500,746600,3448200,6964300
2024-12-27,43.56150436401367,69.49529266357422,567.4556884765625,236.17051696777344,123.30725860595703,186.38133239746094,46.40378189086914,69.96355438232422,17972500,7743100,1486000,5730200,3088100,886400,4956900,7219500
2024-12-30,43.13905715942383,68.89822387695312,564.865478515625,234.35887145996094,122.32476806640625,185.65811157226562,46.174110412597656,69.27483367919922,16109800,6664400,1265900,5723800,2637900,1026900,4868400,8443800
2024-12-31,43.17835235595703,68.89822387695312,563.9495849609375,234.7407989501953,122.29558563232422,185.96669006347656,46.251468658447266,69.10757446289062,16110400,6393000,1055800,4871000,2970000,1011500,4521400,7031500
2025-01-02,43.51238250732422,68.45777130126953,566.2639770507812,235.02474975585938,121.38118743896484,184.5587921142578,46.28047561645508,69.05838775634766,25610600,9827400,2219000,9220900,5014300,1750500,6227800,8303300
2025-01-03,44.02325439453125,69.49529266357422,571.3458862304688,238.2367706298828,122.50959777832031,188.6474609375,47.24747848510742,70.16032409667969,23455700,11342900,1422600,9491100,3988400,1358100,6418900,9152800
2025-01-06,44.6028938293457,71.19841766357422,574.5565185546875,237.0752716064453,125.13604736328125,188.60890197753906,47.12176513671875,70.86872100830078,30518500,19199700,2257000,9917800,6665200,2634100,7261800,15565600
2025-01-07,45.270957946777344,72.11849975585938,571.3359985351562,239.35890197753906,123.42398071289062,187.8181610107422,47.09275817871094,70.43580627441406,41111200,18309400,2021900,8753400,7268800,2727100,6014300,13522000
2025-01-08,45.3986701965332,71.7073974609375,571.237548828125,239.3195343017578,124.3772964477539,187.73135375976562,46.91869354248047,70.41613006591797,40246000,13742800,1513400,8675300,5744500,1659700,5955500,16544700
2025-01-10,44.31798553466797,69.88681030273438,551.5206298828125,236.11061096191406,120.08741760253906,182.2733917236328,45.81631851196289,68.83208465576172,40741300,13217700,2817900,10256800,6873800,2253200,8528500,14466600
2025-01-13,44.26885986328125,71.22777557373047,554.426025390625,240.38262939453125,120.61270141601562,185.56166076660156,46.79298400878906,69.39289093017578,34353600,16720600,1871200,10005300,5433000,1855600,9164700,10439800
2025-01-14,44.976219177246094,71.94231414794922,562.8760375976562,243.5915069580078,121.22555541992188,188.724609375,47.44087600708008,70.0422592163086,36379000,19576000,2221900,12407400,8999900,1733400,8753200,21909800
2025-01-15,46.27304458618164,76.61121368408203,596.745361328125,248.39503479003906,126.99403381347656,194.87899780273438,49.22014617919922,74.72550964355469,57154800,44903000,5119800,18448500,11349500,3431200,13935600,33482900
2025-01-16,45.82112503051758,76.84613800048828,603.708251953125,250.28494262695312,132.11074829101562,191.08718872070312,46.44486618041992,74.72550964355469,56339300,21463100,3224500,15292300,16235700,5065800,19043000,22897900
2025-01-17,45.713050842285156,78.29476165771484,616.4622192382812,255.09829711914062,134.11463928222656,193.0316925048828,46.763973236083984,75.8373031616211,44486100,22084800,3425200,17678100,12481500,4465700,14835700,20673700
2025-01-21,45.84077072143555,79.93917083740234,625.1289672851562,258.9076232910156,133.5601806640625,193.0511474609375,47.692291259765625,76.59488677978516,52089100,21297400,5076700,13712100,11213300,3111100,11643900,21057700
2025-01-22,44.986045837402344,79.95874786376953,623.1494140625,258.7206115722656,132.2955780029297,190.85385131835938,47.02506637573242,76.28987884521484,40296200,14725700,2835700,9021900,7177500,2879900,9541100,11669500
2025-01-23,45.57551193237305,80.24259185791016,629.81689453125,261.7818908691406,134.0465545654297,192.1663818359375,46.8316650390625,76.1816635131836,35324100,14435200,2582700,10749700,6911000,2716400,8138800,12981800
2025-01-24,45.70323181152344,79.75318908691406,627.2562866210938,260.6893005371094,134.06600952148438,193.99423217773438,47.45054244995117,76.07343292236328,24655100,16025200,3183500,7666300,6475500,2083100,8259500,10393200
2025-01-27,46.263221740722656,79.35188293457031,623.691162109375,261.6834411621094,132.9278564453125,197.26100158691406,47.905033111572266,76.68343353271484,44260000,12782800,3351700,7522300,6460700,1841800,5987300,10637100
2025-01-28,46.01761245727539,78.24583435058594,628.1426391601562,262.9532470703125,134.76638793945312,196.12347412109375,46.841331481933594,76.62439727783203,27156600,16521700,2338000,7375400,5885100,1922400,12309600,11562000
2025-01-29,45.92919158935547,78.92120361328125,627.72900390625,262.4019775390625,134.93174743652344,196.57069396972656,46.08707809448242,77.10651397705078,23681500,10573000,1918900,7684900,5719800,2096700,15331400,9175400
2025-01-30,45.89971923828125,80.12513732910156,635.9230346679688,264.0261535644531,136.1282501220703,196.46376037597656,46.415855407714844,77.54924774169922,31199900,10775500,1812800,8753500,4545700,1705400,6683500,11276000
2025-01-31,45.487091064453125,79.70425415039062,630.7033081054688,263.1107177734375,135.55538940429688,195.3748321533203,46.2031135559082,77.52957153320312,30388900,12818300,1995100,7193800,5502700,2739800,11182500,14980600
2025-02-03,45.3986701965332,78.46241760253906,622.7948608398438,262.6283874511719,134.31178283691406,192.15667724609375,45.32314682006836,76.88021087646484,36497700,20998500,2102600,8381400,5307000,1474500,10881000,12395200
2025-02-04,45.889892578125,77.34870910644531,624.5774536132812,263.74072265625,133.92987060546875,193.45947265625,45.88400650024414,78.18876647949219,32894000,13417700,1743400,5626000,5997300,1536300,10381200,14665200
2025-02-05,46.28287124633789,78.31456756591797,635.6768798828125,266.191650390625,136.0449981689453,193.3719940185547,45.81631851196289,78.7594223022461,27696600,10736100,1908200,5704400,5871200,2057700,10811100,17931000
2025-02-06,46.90181350708008,81.14320373535156,648.25341796875,272.5602722167969,138.15037536621094,196.8137664794922,46.16443634033203,80.1073226928711,39793400,19545700,2439200,7264400,4576600,1593700,9101100,16988900
2025-02-07,46.567779541015625,80.54199981689453,645.9686279296875,271.4775085449219,137.07321166992188,195.15121459960938,45.6712646484375,79.76126861572266,26504700,10310300,2616700,6857900,3529000,1270900,8115000,17951400
2025-02-10,45.8505973815918,79.56626892089844,640.679931640625,266.7921447753906,134.4586639404297,191.80665588378906,45.332820892333984,78.2089614868164,26725200,10681600,2351600,8627400,5517700,1453200,8459800,18357400
2025-02-11,45.9684944152832,79.9407958984375,637.439697265625,270.68017578125,134.92869567871094,193.69284057617188,46.01939010620117,78.74287414550781,20314900,9993800,2711400,7196400,5096800,1422000,7744900,16682800
2025-02-12,45.3986701965332,80.09848022460938,639.173095703125,271.1330261230469,134.26280212402344,190.16355895996094,45.92268753051758,78.35726928710938,29777100,10448100,2295800,6683900,4688900,1774500,6180100,13440500
2025-02-13,45.51656723022461,80.91651153564453,639.1238403320312,271.9893798828125,133.9984130859375,190.0079803466797,45.825984954833984,77.9617691040039,26815400,11108400,2031800,8398700,4699800,1883500,6352200,10093400
2025-02-14,46.135498046875,83.39033508300781,650.5482177734375,272.255126953125,136.06459045410156,188.5301513671875,46.17410659790039,79.07904815673828,25960500,16035000,2246000,5688600,5044500,2362000,5398900,17521300
2025-02-18,45.713050842285156,83.41004943847656,662.0119018554688,275.5625,137.78807067871094,191.0677490234375,46.35783386230469,79.87003326416016,37824100,17907000,2350100,7919800,3797000,2261700,5459800,15318300
2025-02-19,45.202178955078125,82.72999572753906,658.0331420898438,274.8734436035156,137.76849365234375,188.82183837890625,45.56489562988281,79.44487762451172,38967800,9710800,1953600,7007200,3623100,1615600,10999200,13917400
2025-02-20,44.50464630126953,80.16747283935547,632.53515625,262.6185607910156,131.55032348632812,186.56619262695312,45.21678161621094,77.74425506591797,40001100,15160300,3929000,13846700,8860800,1770600,6909100,14807100
2025-02-21,44.02325439453125,78.50183868408203,616.1273803710938,260.0986633300781,128.9553680419922,182.83273315429688,44.35615158081055,76.62698364257812,43485900,14907800,3000800,12835600,6704100,1991900,9327000,18205400
2025-02-24,43.67939758300781,77.4078369140625,616.6592407226562,257.244140625,127.27108764648438,181.7729949951172,44.104736328125,76.35013580322266,35512200,12830000,3274100,10372800,7784500,2738800,8069300,12989700
2025-02-25,43.16852569580078,77.01360321044922,605.5992431640625,253.3658905029297,126.90877532958984,181.29656982421875,44.394832611083984,75.14388275146484,38119000,14501400,2885900,9608400,7458500,1720600,12635700,15683000
2025-02-26,43.16852569580078,77.9301986694336,608.416015625,254.7340850830078,128.3286590576172,181.83132934570312,44.240116119384766,75.58880615234375,32251700,13115000,2001200,5943600,5493600,1324900,9056100,13466800
2025-02-27,43.34536361694336,77.73308563232422,598.7938842773438,254.989990234375,126.5562515258789,183.32859802246094,44.752620697021484,75.75689697265625,28477700,8485900,2396300,8204400,5538700,1337900,6315400,13744400
2025-02-28,45.29059982299805,78.7975082397461,615.906494140625,260.50225830078125,130.3458709716797,186.59536743164062,45.3521614074707,77.437744140625,62621100,21233600,3337200,10467100,7424200,2358000,10100600,24698800
2025-03-03,44.76008987426758,76.05758666992188,599.0512084960938,256.5354309082031,126.44853973388672,184.2327880859375,44.71394348144531,76.16227722167969,46946000,20121100,3152300,9058300,5969400,1338000,9676000,18013400
2025-03-04,41.92082595825195,71.30706787109375,575.1786499023438,246.3279571533203,119.19239807128906,175.44358825683594,43.137733459472656,72.47428894042969,78278100,33983900,4061000,13465600,12996500,2832900,10798400,28858200
2025-03-05,41.54749298095703,71.90827178955078,586.9862670898438,247.587890625,121.18024444580078,175.46304321289062,43.19575119018555,73.3246078491211,52588900,17214200,2600600,7861400,7291900,2320200,8956600,20422000
2025-03-06,40.7320671081543,69.56258392333984,561.8468017578125,242.6760711669922,116.89119720458984,174.01437377929688,42.91532897949219,71.83161163330078,58103500,18550800,4332300,9983200,8611500,2016600,9879700,19460400
2025-03-07,40.9297981262207,69.4443130493164,553.9288330078125,238.4828643798828,116.8128662109375,174.782470703125,43.24410629272461,70.24964141845703,50651400,18212900,4069600,20498700,8513500,1853500,10793200,21256900
2025-03-10,39.37763214111328,66.43827819824219,526.2061157226562,228.5805206298828,109.37067413330078,169.765625,40.97166061401367,66.0277328491211,77498400,22378400,5272100,18887200,16765700,2931700,18143800,27582900
2025-03-11,39.16012954711914,66.52698516845703,525.978515625,225.54879760742188,109.71340942382812,165.3418426513672,40.18840026855469,66.52210998535156,50608400,21269200,4190500,18143000,13490400,2453500,17587400,24310700
2025-03-12,39.456722259521484,66.97048950195312,530.2146606445312,224.3282012939453,111.63270568847656,166.26548767089844,40.304439544677734,68.15351867675781,42290700,16131100,3078100,16054000,7925500,2389100,13661400,18462300
2025-03-13,39.219444274902344,66.26087188720703,519.4264526367188,221.66070556640625,109.36088562011719,164.15570068359375,39.569515228271484,67.68881225585938,37766100,17125200,2529100,16467900,7435500,2054300,9565400,17471500
2025-03-14,40.425594329833984,67.78852844238281,535.8561401367188,228.7970733642578,112.94487762451172,168.19056701660156,40.63321304321289,70.05189514160156,35979900,12727300,2808100,11962100,6879400,2312000,12739900,15762300
2025-03-17,40.96934509277344,68.93181610107422,545.684326171875,230.2637176513672,115.5104751586914,169.17254638671875,40.787933349609375,70.04199981689453,37242800,12531700,2695600,9586000,8374900,2572900,9851300,11185000
2025-03-18,41.17695999145508,69.20777130126953,546.1198120117188,231.28741455078125,115.65736389160156,168.5405731201172,40.8846321105957,70.30896759033203,37644500,12289900,2641000,10344900,7234900,4219500,13725500,11102100
2025-03-19,41.73059844970703,70.41018676757812,551.622802734375,235.36253356933594,117.3612289428711,169.0072784423828,41.27143096923828,71.94038391113281,42471100,14400600,2769800,10120600,8430800,3026200,12043400,14453200
2025-03-20,41.997535705566406,70.78470611572266,556.9080200195312,235.2641143798828,117.9683609008789,168.5989227294922,41.203739166259766,71.70307159423828,41018100,15315600,2531300,8328500,7026000,2994500,9203000,12388300
2025-03-21,41.987648010253906,70.94239807128906,559.3427734375,237.84304809570312,117.64521026611328,168.79336547851562,41.426151275634766,71.70307159423828,65011000,21724000,3565600,19326900,10989900,5500400,69001600,32647100
2025-03-24,42.580833435058594,72.97270202636719,574.1492919921875,244.17227172851562,121.68943786621094,171.64205932617188,42.31578826904297,73.44325256347656,30646100,15310600,1877700,9422700,6184400,2924400,8235200,10688900
2025-03-25,42.78844451904297,73.3965072631836,579.929443359375,247.19415283203125,122.60012817382812,171.97264099121094,42.25777053833008,73.40370178222656,25445300,10922200,1875500,9287700,4326300,2035900,7377800,9499100
2025-03-26,42.33367156982422,72.18423461914062,568.0326538085938,247.09573364257812,119.66242980957031,172.0115203857422,42.325462341308594,72.64237976074219,30012100,12345800,1944200,12779300,5084600,1847000,9585400,10848100
2025-03-27,42.07662582397461,70.81427001953125,553.1865234375,244.2313232421875,116.52887725830078,170.11563110351562,41.803279876708984,71.46578216552734,25619200,13155800,2100900,8022500,8239400,2324400,8171600,10457600
2025-03-28,40.7815055847168,69.3161849975586,537.5486450195312,239.04393005371094,112.93509674072266,167.11135864257812,40.865291595458984,69.8936996459961,34253000,13630700,2773100,11978400,7349400,1947400,7154100,13555200
2025-03-31,41.25605392456055,69.9666748046875,540.6860961914062,241.45553588867188,114.24726104736328,170.89344787597656,41.3154411315918,70.9813003540039,36390000,15568400,2455100,13603000,7616600,3595700,10548400,14855300
2025-04-01,41.01877975463867,69.52316284179688,542.823974609375,239.84121704101562,113.33657836914062,169.79478454589844,40.87508010864258,70.50670623779297,25578500,10957100,1869600,8054700,6651000,2165700,9514200,10661000
2025-04-02,41.37468719482422,70.72557067871094,557.3236694335938,241.96739196777344,116.79327392578125,172.09902954101562,42.0885124206543,71.44600677490234,28216100,9731700,2560700,7758800,8415300,2117600,10427100,8854100
2025-04-03,36.79727554321289,62.14112854003906,505.98577880859375,225.1058349609375,105.68875885009766,156.8151397705078,37.958927154541016,64.93023681640625,115497900,39469500,5193900,17188500,15186100,3408300,16695400,25880300
2025-04-04,33.99941635131836,57.292049407958984,465.9803771972656,208.25929260253906,97.7569580078125,148.85240173339844,36.040924072265625,60.29307556152344,107761200,51730500,8105200,27170700,18876900,4147400,19859300,31050800
2025-04-07,35.175899505615234,58.001670837402344,460.7347717285156,212.37933349609375,98.82432556152344,148.5704345703125,36.01156234741211,61.469669342041016,137329100,37487700,6353800,22914400,20721400,5195200,21816400,41305800
2025-04-08,34.632144927978516,57.922821044921875,457.478515625,214.7859649658203,98.22698974609375,145.6050567626953,35.62013244628906,61.38068389892578,79116300,30272300,4240900,19485700,10710100,5210900,18709400,27374200
2025-04-09,36.72806930541992,63.22527313232422,511.5679016113281,232.0880889892578,109.38046264648438,155.78457641601562,38.45800018310547,65.58280944824219,161173500,49437900,7024100,24022400,16919500,5593800,22911600,42744800
2025-04-10,35.442832946777344,60.70217514038086,484.77557373046875,224.92758178710938,104.3667984008789,147.9384765625,36.45191955566406,62.39908218383789,90451800,25912800,5374500,18896400,10956700,4240100,20954100,29026000
2025-04-11,35.54169845581055,60.7514533996582,489.3680114746094,233.93020629882812,105.87481689453125,147.77320861816406,37.04885482788086,61.80583572387695,63671900,24776000,3770200,20284500,10573200,3850200,18556300,33867000
2025-04-14,36.253517150878906,62.308677673339844,498.81011962890625,232.4644317626953,106.84425354003906,151.01080322265625,37.38156509399414,62.389190673828125,46830600,20385900,4392600,13017800,8224500,3488800,12809900,28057800
2025-04-15,37.558528900146484,63.402679443359375,502.6800537109375,230.8897247314453,108.14663696289062,151.078857421875,37.80235290527344,63.81296920776367,84677800,24738400,2501200,10912900,6003800,3621100,11717300,20903300
2025-04-16,36.90602493286133,61.20481872558594,493.9306945800781,227.40354919433594,105.62020874023438,148.8685302734375,37.009708404541016,63.259281158447266,52872700,21922600,2765600,9322300,6520100,2875400,17381600,17351000
2025-04-17,36.98511505126953,62.3382453918457,504.26361083984375,229.73097229003906,106.91280364990234,149.6446075439453,37.38156509399414,63.98106002807617,47144400,14656300,2593500,9557900,5233100,3564400,12538500,18961800
2025-04-21,36.50067901611328,61.78631591796875,496.21697998046875,226.7895050048828,104.09261322021484,147.48338317871094,36.99992370605469,63.288944244384766,34928300,15136000,2859300,8716200,7784500,2860500,11261300,17859100
2025-04-22,37.8847770690918,63.6195068359375,514.6558837890625,233.32608032226562,108.08787536621094,151.7272186279297,38.164424896240234,65.48394012451172,42288900,13252300,2514600,10701400,6571300,2124200,8311400,17536600
2025-04-23,38.30989456176758,65.34427642822266,523.8802490234375,238.56524658203125,109.9778060913086,154.63504028320312,38.66349792480469,67.17467498779297,54428400,17243900,3048100,14126800,9243800,3145600,12753700,20678800
2025-04-24,39.130470275878906,67.1774673461914,539.7755126953125,242.2891082763672,113.1994857788086,156.9337921142578,39.19192886352539,68.77642059326172,42457100,13672300,2223600,9055200,6640700,1382400,9478300,18420900
2025-04-25,39.23921585083008,67.4435806274414,539.2708129882812,241.2095947265625,113.6009750366211,155.6665496826172,39.06471633911133,68.94451141357422,32694200,12253400,1612700,8588600,5013200,1125100,6432700,17775900
2025-04-28,39.32819747924805,67.29573822021484,540.7950439453125,240.8827667236328,113.42471313476562,156.83555603027344,39.31914520263672,68.64788818359375,37428000,14304800,1459700,7394300,4171200,1917500,5264900,16694100
2025-04-29,39.53581619262695,67.8870849609375,543.2891235351562,242.26930236816406,113.79681396484375,157.76881408691406,39.63228988647461,70.299072265625,33792500,8862800,1695600,7216800,4689800,1643000,8390000,24563600
2025-04-30,39.427066802978516,67.39429473876953,541.9331665039062,242.26930236816406,113.93006896972656,157.8572235107422,39.47571563720703,70.21009063720703,40994600,15756500,2438300,12991700,6502400,2113600,10563200,23953000
2025-05-01,39.71376419067383,67.15775299072266,548.1488037109375,244.51748657226562,115.2527847290039,158.15194702148438,39.63228988647461,71.0010757446289,33569100,9682300,2583000,8689600,7743600,1996700,7192000,19672500
2025-05-02,40.603546142578125,69.57243347167969,560.2929077148438,250.08348083496094,118.6681137084961,162.62171936035156,40.58150863647461,72.96866607666016,41613000,13291200,2883000,7165000,6894400,1764800,9089500,18347400
2025-05-05,40.652976989746094,69.78106689453125,553.8200073242188,250.1330108642578,118.05611419677734,162.77890014648438,40.571720123291016,73.01809692382812,32829200,10318500,2197200,5450700,6540300,2761200,5230500,16070400
2025-05-06,40.37615966796875,69.01609802246094,543.724609375,246.8548126220703,116.8025131225586,160.64715576171875,40.10200500488281,72.65226745605469,29541800,7744300,2902500,6369900,5739600,1880000,5271100,18095100
2025-05-07,40.46513748168945,69.79100036621094,546.2583618164062,246.99346923828125,117.56256866455078,161.08921813964844,40.4151496887207,72.35564422607422,30925900,11619200,1954900,8724100,4680600,2094400,8325800,14310300
2025-05-08,41.127525329589844,71.17192077636719,559.8970336914062,251.03427124023438,120.30667877197266,163.79074096679688,41.23714828491211,72.48417663574219,41861700,12698400,1994600,8320100,6449300,1409900,8840400,19957500
2025-05-09,41.31536865234375,70.983154296875,561.2825927734375,250.6480255126953,120.1290054321289,163.505859375,41.119720458984375,72.02686309814453,27222800,8941900,1522500,5087600,4240100,1671300,6997700,11136900
2025-05-12,42.86753845214844,74.4205551147461,585.2740478515625,257.551025390625,125.41981506347656,171.91494750976562,43.06708526611328,74.44267272949219,44875100,18464100,3527700,9603900,9162100,3439900,12301800,20425500
2025-05-13,43.7770881652832,75.07624053955078,597.6160278320312,260.48260498046875,127.68025970458984,174.4003448486328,43.41937255859375,75.54618835449219,43232500,12397800,2765800,8589000,6086700,2515400,10139300,13635100
2025-05-14,44.231868743896484,74.7980728149414,605.3261108398438,263.08734130859375,129.3484344482422,174.7147216796875,43.282371520996094,75.8344955444336,42419500,11372000,2874400,8643100,6273400,1990200,5877300,14067100
2025-05-15,43.87595748901367,75.46369171142578,609.5820922851562,264.9195251464844,130.79945373535156,176.2963409423828,43.6248779296875,75.14852142333984,47379400,12627700,2428100,9214600,7209300,2728900,6533800,15303900
2025-05-16,44.18243408203125,75.22526550292969,612.6799926757812,264.9888610839844,130.4737091064453,176.25701904296875,43.95758819580078,75.7350845336914,49488100,14008700,2021800,8932900,6303800,2215700,7369200,13864600
2025-05-19,44.26152420043945,75.63257598876953,606.0189208984375,262.3346252441406,129.15101623535156,175.49078369140625,43.83037567138672,75.61577606201172,37915700,12691700,2842100,12145000,7703500,1530200,5717500,12720500
2025-05-20,44.18243408203125,75.40408325195312,600.2982788085938,263.1269226074219,127.46310424804688,174.35122680664062,43.45851516723633,75.07893371582031,33424300,8930900,1601600,8436300,5220100,1084300,6605400,10655600
2025-05-21,42.7587890625,72.9402847290039,587.3722534179688,258.5315246582031,123.68254089355469,169.2330780029297,41.97108459472656,72.76254272460938,55594100,17143800,2635900,7464000,6371600,1759400,6298600,17711300
2025-05-22,42.81810760498047,72.9402847290039,592.0933227539062,258.16510009765625,124.6301498413086,169.94039916992188,42.1961555480957,72.96137237548828,29026200,12067800,1939600,6514100,5689200,1837100,6608900,9717000
2025-05-23,42.70935821533203,72.61244201660156,592.400146484375,258.2046813964844,124.44259643554688,168.791015625,42.0200080871582,72.40464782714844,34875100,9851900,1530600,6671800,3361400,1641600,5798500,9260900
2025-05-27,43.717769622802734,74.97689819335938,609.413818359375,262.7406921386719,127.54206085205078,173.13308715820312,42.80287170410156,73.55786895751953,36322000,12148500,2364700,7506600,5472400,1755900,6500400,11014100
2025-05-28,43.55958938598633,74.53976440429688,602.1985473632812,260.9579772949219,125.86400604248047,170.9031219482422,42.30379867553711,73.29939270019531,35673800,9993200,2001900,5535400,4050900,1591500,4800100,8711100
2025-05-29,43.737545013427734,75.0364990234375,598.6552734375,261.82952880859375,126.505615234375,172.01319885253906,42.82244110107422,74.07483673095703,28545100,11879200,1736100,5081200,4337500,1457500,6372800,14016600
2025-05-30,43.6287956237793,74.82787322998047,597.2528076171875,261.46307373046875,126.3772964477539,170.7459259033203,42.65608596801758,74.34325408935547,66537500,12512200,2129500,10977700,6436100,4161400,9784900,17042000
2025-06-02,43.57936096191406,75.30474090576172,595.531982421875,262.1167297363281,126.74250793457031,170.87364196777344,42.68544006347656,74.28360748291016,28582600,9073400,1221200,6011200,3607900,2227600,6159500,11237500
2025-06-03,44.142887115478516,76.02996826171875,600.6148071289062,263.71124267578125,127.0188980102539,173.2018585205078,43.429161071777344,75.20817565917969,31320200,9802600,1730300,6998400,4145600,1976200,10105600,13193500
2025-06-04,43.856178283691406,75.90081787109375,596.0194091796875,261.68096923828125,126.505615234375,171.7774200439453,42.95944595336914,74.93975067138672,30591700,10119600,1294900,5915700,3123200,1306200,6980500,29578000
2025-06-05,43.87595748901367,76.16905212402344,602.6538696289062,259.43280029296875,128.93385314941406,171.6202392578125,42.74415588378906,74.46255493164062,32020900,14760500,2086700,8173800,6193300,1552200,6079100,20138400
2025-06-06,44.72125244140625,77.74866485595703,610.7306518554688,263.17645263671875,130.11837768554688,175.48095703125,43.8108024597168,75.88420867919922,37013000,11515200,1675900,7738100,5004400,1326800,7647700,10988000
2025-06-09,44.621803283691406,77.65924835205078,610.2532348632812,264.1767272949219,130.24668884277344,175.58901977539062,43.908660888671875,76.01344299316406,32414000,9288000,1610700,8285000,4838600,1227300,5605000,13453200
2025-06-10,44.8405876159668,77.5201644897461,611.5960083007812,266.0188903808594,130.11837768554688,176.24720764160156,44.27073669433594,75.00933837890625,32229100,10942400,1376400,7538100,3816900,1252700,5792500,14892900
2025-06-11,44.48257827758789,77.86787414550781,620.8464965820312,265.5732116699219,130.10850524902344,174.60665893554688,43.25301742553711,74.49237823486328,47873500,9030500,2063600,7434100,5810200,2552900,13017700,16442400
2025-06-12,44.37318801879883,77.71886444091797,621.781494140625,265.6623229980469,130.21707153320312,174.60665893554688,43.21387481689453,73.5777587890625,30165400,6739700,1634700,6618000,4258700,1647400,9552800,14522500
2025-06-13,43.84611892700195,75.86107635498047,610.2730712890625,262.4039306640625,127.8184585571289,170.3136749267578,42.06894302368164,71.93739318847656,43281700,11987200,1674800,7098300,4367500,1727600,9468800,21168300
2025-06-16,44.16434860229492,77.55990600585938,624.5068969726562,267.7619323730469,129.21023559570312,172.05247497558594,42.22551345825195,72.7227783203125,34103600,10396600,1870400,8566000,6240500,1260100,14247900,16231500
2025-06-17,43.98534393310547,76.85454559326172,621.3140258789062,266.92999267578125,128.4106903076172,170.1466827392578,41.775367736816406,72.07657623291016,27489600,8078600,1479300,6739300,4767700,1422200,10921100,14156800
2025-06-18,44.81075668334961,77.83807373046875,631.8575439453125,271.3273620605469,130.80934143066406,172.18020629882812,42.34294128417969,74.3034896850586,37684700,14866100,2423100,9586400,6170400,1858900,12696500,23498300
2025-06-20,45.248321533203125,77.93742370605469,637.387939453125,272.35736083984375,130.99688720703125,174.2628173828125,42.36251449584961,74.95964050292969,64591600,17336500,4115400,13969700,8904400,5431300,22312700,27677500
2025-06-23,46.04389572143555,78.84147644042969,643.4356079101562,275.595947265625,132.27023315429688,177.56358337402344,43.1453742980957,76.56023406982422,42683600,12007200,2020800,8094600,5232400,1853000,12500800,17375700
2025-06-24,46.40190505981445,80.60984802246094,658.58447265625,278.5572204589844,134.14569091796875,178.8112030029297,43.585731506347656,77.65380859375,45437600,18393000,2307800,9267900,5599900,1683400,10996900,16342300
2025-06-25,46.590850830078125,82.0901107788086,666.3031616210938,281.3302917480469,135.9422149658203,179.2925567626953,43.8597297668457,78.60820007324219,33532400,13221900,1566400,6826900,5736400,2403300,8481800,13954500
2025-06-26,47.197479248046875,83.8187484741211,683.5010986328125,285.9752197265625,137.94601440429688,182.2396697998047,44.6425895690918,79.49300384521484,40127000,18600500,2849500,8942100,6013200,2843400,13437100,18214800
2025-06-27,46.85935974121094,83.82867431640625,687.1316528320312,284.3509826660156,138.87388610839844,182.47544860839844,44.77959442138672,79.03569030761719,56705000,21872400,3650500,17868600,7249300,2772400,15796400,21324200
2025-06-30,47.05825424194336,84.5638427734375,703.9814453125,287.12408447265625,139.04168701171875,183.1336212158203,44.76969909667969,79.6520767211914,47921200,18035200,3976400,12689200,8034400,2306800,13621100,21685800
2025-07-01,47.883663177490234,85.70632934570312,702.6983642578125,287.6192626953125,139.2489776611328,189.1260986328125,45.99654006958008,81.01406860351562,48540900,17088900,3301000,9338300,6166700,3601900,16514400,20967100
2025-07-02,48.4405632019043,86.19313049316406,712.078125,289.19403076171875,141.01585388183594,192.25987243652344,46.985923767089844,81.87899017333984,48003600,13420200,2906500,8158700,5494500,2769100,15421800,15195100
2025-07-03,48.65934753417969,88.14031982421875,719.82666015625,294.56787109375,142.2793426513672,193.10470581054688,47.4212532043457,83.11174774169922,21620300,13229900,1502000,6541600,3974700,1863500,7036300,11237300
2025-07-07,48.390838623046875,87.02763366699219,707.14453125,290.557373046875,141.88449096679688,192.79034423828125,47.27284240722656,81.85910034179688,35567900,12407300,2863700,8825700,5991600,3796000,14353700,18156000
2025-07-08,46.88919448852539,85.01090240478516,693.5672607421875,281.4118347167969,139.30819702148438,194.5094757080078,47.154117584228516,81.11347961425781,88086500,18075600,3100700,15440900,6620400,4452100,13523600,18303400
2025-07-09,46.580909729003906,85.2294692993164,692.85107421875,281.7900085449219,139.7227783203125,192.68228149414062,46.79793930053711,81.31231689453125,46227900,9929400,1763400,11273800,4837000,3730500,9179400,16135400
2025-07-10,46.71018981933594,86.51103973388672,705.3441772460938,286.7956848144531,141.2428741455078,194.4603729248047,47.06507110595703,81.87899017333984,44225000,9586100,1733500,8410900,5622800,3802800,8606300,14348100
2025-07-11,46.47151565551758,86.163330078125,701.1964111328125,285.4720764160156,140.44334411621094,193.54678344726562,46.6396369934082,82.06787872314453,31653000,10256000,1681800,7384700,3647500,2642900,11510200,12583100
2025-07-14,46.809635162353516,86.92829132080078,709.5018920898438,287.30322265625,142.11154174804688,193.91024780273438,46.560489654541016,82.94274139404297,36381200,13450800,1909300,9079900,5376100,2142100,13464200,20194200
2025-07-15,45.89472579956055,90.12725830078125,698.7694091796875,285.1636047363281,139.7622528076172,190.3925323486328,45.20502853393555,78.39942932128906,55145000,39270900,1981200,12526100,7392200,3458200,15895100,53938000
2025-07-16,45.775386810302734,89.43182373046875,705.0457763671875,284.4371337890625,137.98548889160156,192.16624450683594,45.195133209228516,79.44329833984375,61296600,23321000,3323200,9979800,10610800,3764000,21086500,30567500
2025-07-17,46.75991439819336,92.48176574707031,702.0816650390625,288.4974060058594,139.08116149902344,194.20751953125,44.73012161254883,79.24446105957031,56480700,23949200,2046100,8509500,7695800,3097000,25242800,21837600
2025-07-18,47.05825424194336,92.83941650390625,704.48876953125,289.8607482910156,139.01205444335938,194.73269653320312,45.20502853393555,80.16902923583984,48314200,16603700,1925200,12217000,5572300,2548200,15539700,21236000
2025-07-21,47.217369079589844,92.04464721679688,702.2407836914062,289.5622253417969,138.65670776367188,194.2471466064453,45.294071197509766,79.8111343383789,32199700,11894500,2006500,7898100,5853400,1825200,10538100,14506600
2025-07-22,47.50576400756836,93.38582611083984,696.6805419921875,290.0199890136719,138.2322540283203,194.99032592773438,45.670040130615234,81.89886474609375,34749400,15282600,1978900,6717500,5257200,2106900,10511800,22437000
2025-07-23,47.873714447021484,95.3628158569336,713.699462890625,295.32421875,140.37425231933594,195.96141052246094,45.79866027832031,83.2111587524414,31380100,22339800,2395700,7083500,6612900,2059000,10145800,19379200
2025-07-24,48.12233352661133,94.76673889160156,715.3505859375,295.1152038574219,140.66050720214844,194.36605834960938,45.571102142333984,83.38017272949219,42967600,15644400,1974700,7001200,3817900,2139300,9025600,19031200
2025-07-25,48.182003021240234,95.44229888916016,725.098388671875,297.1752014160156,141.16392517089844,194.2669677734375,45.82834243774414,83.8275375366211,24461200,13543400,1851400,5918500,3463000,1817300,8082200,14072400
2025-07-28,47.963218688964844,94.92569732666016,719.7968139648438,296.83685302734375,140.7197265625,192.2058868408203,45.60078430175781,82.5848388671875,20590400,19370700,1464800,5840400,3729300,1484000,6597600,10627100
2025-07-29,47.68476867675781,93.86268615722656,728.0824584960938,295.6028747558594,141.70681762695312,191.61134338378906,45.60078430175781,82.16729736328125,26216500,13169900,2136000,7635700,5158700,1236600,10034100,12478200
2025-07-30,47.6947135925293,95.18399047851562,726.8590087890625,298.1803283691406,143.0690155029297,190.79879760742188,45.39301300048828,81.30237579345703,32265900,13998000,1816200,8061700,5236800,1546200,11488700,15579100
2025-07-31,47.00852966308594,93.08777618408203,719.7371826171875,294.80670166015625,141.5979766845703,188.53953552246094,44.4827766418457,80.15908813476562,40016300,14638800,2358100,14749700,5523700,1669300,11817100,14813900
2025-08-01,45.40743637084961,91.2300033569336,705.7918090820312,287.969970703125,138.24835205078125,184.18946838378906,43.473602294921875,77.32573699951172,52310400,17725600,2999100,12007100,6678500,2639400,9632900,16071300
2025-08-04,45.59638214111328,92.08000183105469,722.1641845703125,292.8363037109375,140.50462341308594,187.3504638671875,43.94850540161133,77.12690734863281,31038900,11611400,1753700,6649500,3851500,1588500,6515800,13892100
2025-08-05,45.30799102783203,91.5199966430664,717.0713500976562,289.96026611328125,139.61007690429688,187.27117919921875,44.0870246887207,77.50468444824219,36798300,19836100,1977300,7182300,5331100,1497500,8020600,15765100
2025-08-06,45.16876220703125,92.2300033569336,720.8809814453125,289.9403991699219,140.4449920654297,186.8450927734375,43.96829605102539,77.15673065185547,27916800,13153600,1477100,6330200,3765800,1335800,5854700,14157000
2025-08-07,44.67152786254883,91.2300033569336,715.9075927734375,285.5517272949219,140.06727600097656,185.41818237304688,43.622013092041016,76.60000610351562,30609900,12964000,1400400,8057100,3728600,1280700,5412500,13105600
2025-08-08,45.755496978759766,92.7300033569336,717.4295043945312,287.3629150390625,142.3135986328125,188.0143585205078,44.38383865356445,77.8499984741211,37131600,10772600,1275400,6634100,3943500,1020100,6067000,14123000
2025-08-11,45.90467071533203,92.30999755859375,715.4102783203125,288.1590270996094,143.00938415527344,186.8153533935547,44.0870246887207,77.58999633789062,35559400,12133300,1273500,5510100,4024700,1571700,7201900,14408100
2025-08-12,47.23725891113281,95.73999786376953,739.4217529296875,291.4331359863281,146.3987274169922,189.4907989501953,45.2841796875,79.4800033569336,35481200,21046400,2418100,8570900,7111600,1679200,8836600,14365200
2025-08-13,46.97869873046875,94.6500015258789,740.7247924804688,289.1243591308594,146.8658905029297,191.6410675048828,46.115264892578125,77.88999938964844,29465100,16605000,1862600,8420400,5542000,1506100,10438100,14415100
2025-08-14,47.44609451293945,95.45999908447266,743.221435546875,292.7367858886719,147.61135864257812,192.80043029785156,46.33293151855469,79.41000366210938,21073800,13288800,1371200,6322400,4188600,1086600,6181100,16051500
2025-08-15,46.680355072021484,93.69000244140625,726.8291625976562,289.08453369140625,143.7548370361328,189.5304412841797,45.442481994628906,77.0999984741211,26276900,12000400,1645900,7340500,4986000,1300400,8995400,15380400
2025-08-18,47.65493392944336,94.22000122070312,727.0679321289062,290.1195068359375,143.9039306640625,190.26370239257812,45.62057113647461,77.44000244140625,43125100,8780700,1157800,5386900,3548700,1349100,5892900,11660900
2025-08-19,47.814048767089844,93.73999786376953,717.5388793945312,289.25372314453125,143.19822692871094,191.23480224609375,45.71950912475586,77.52999877929688,33783400,11504400,1856400,6031500,4257700,1701200,5597400,10118500
2025-08-20,48.08255386352539,93.16999816894531,716.8425903320312,290.8260803222656,143.24790954589844,193.2265167236328,45.91738510131836,78.16000366210938,30822200,13447400,1872700,7374200,4619300,2008800,7720200,12101900
2025-08-21,47.99304962158203,92.58999633789062,712.1378173828125,290.059814453125,143.16839599609375,192.23561096191406,45.679931640625,77.83000183105469,28713200,17635200,1162000,6624000,3269400,1405500,4976000,9102700
2025-08-22,49.206302642822266,95.26000213623047,737.939697265625,294.80670166015625,147.12432861328125,199.85568237304688,47.76753616333008,79.0999984741211,45078900,20124400,1948600,8552800,6759600,1835600,12679300,11282600
2025-08-25,49.206302642822266,95.0,734.856201171875,293.47320556640625,146.75656127929688,198.8746795654297,47.64881134033203,80.19000244140625,34715700,8647000,1381200,5856300,2596500,1275000,7520800,12017000
2025-08-26,49.9720458984375,95.72000122070312,744.9620971679688,297.1254577636719,148.06857299804688,201.60958862304688,48.05445861816406,81.51000213623047,40609300,11031100,1511600,6714700,4453800,1730700,9280600,14936600
2025-08-27,50.10132598876953,96.87000274658203,745.67822265625,297.8320007324219,148.47608947753906,204.16610717773438,48.24243927001953,82.5,42428200,11315600,1534800,6056500,3329200,1762600,9492900,15567700
2025-08-28,50.21072006225586,96.81999969482422,747.219970703125,299.6133728027344,149.271240234375,203.7499237060547,48.15339660644531,81.9800033569336,32949400,10878900,1411200,6410500,3898100,1924800,10464800,13963200
2025-08-29,50.45933532714844,96.56999969482422,745.25,299.961669921875,149.56942749023438,205.55337524414062,48.311702728271484,82.18000030517578,32496500,8362600,1467000,6796400,3629400,2045600,12069900,12041200
2025-09-02,50.1411018371582,94.77999877929688,730.8499755859375,298.25,147.94931030273438,203.55174255371094,48.00498962402344,81.77999877929688,52719800,15128800,2296400,7221900,5330200,1647400,7053600,13326000
2025-09-03,49.78309631347656,95.02999877929688,730.5599975585938,298.0609130859375,147.63124084472656,203.1355743408203,48.024776458740234,80.51000213623047,38344200,14158800,1485600,6316900,4338900,1827800,8335500,11174000
2025-09-04,50.339996337890625,97.08000183105469,748.9000244140625,302.3500671386719,149.61912536621094,205.47410583496094,48.64808654785156,81.83000183105469,34796900,12900100,1778200,6605800,3955000,1203300,5564600,10822300
2025-09-05,49.77000045776367,95.4000015258789,738.2100219726562,292.9557189941406,147.1938934326172,202.541015625,48.28201675415039,78.95999908447266,40063300,17020800,1822800,9837700,5697300,1273000,8041000,20661400
2025-09-08,49.459999084472656,95.87000274658203,741.8499755859375,291.4928283691406,147.8896484375,201.91676330566406,48.133609771728516,79.13999938964844,48033100,11398800,1400100,8188500,3820800,1772800,8543600,17107000
2025-09-09,50.290000915527344,97.33999633789062,763.9199829101562,296.408935546875,151.2989044189453,198.5873260498047,48.84596633911133,80.76000213623047,40060100,18101600,2611300,7848200,6673200,1856100,17261800,17157300
2025-09-10,50.130001068115234,97.16999816894531,769.5800170898438,299.0859375,153.18740844726562,200.05384826660156,48.677772521972656,80.30000305175781,31706300,12238300,1996200,7787300,4945600,1290600,9988700,16460200
2025-09-11,50.75,98.81999969482422,784.72998046875,304.0816345214844,155.5331268310547,200.90603637695312,48.7964973449707,81.25,28055200,13426500,2075700,7942500,7399500,1271000,8636500,17785800
2025-09-12,50.58000183105469,99.44000244140625,780.0599975585938,305.42510986328125,155.4436798095703,200.14303588867188,48.608516693115234,81.45999908447266,27851100,9502900,1099400,6846700,4341600,1015300,8103200,10498300
2025-09-15,50.59000015258789,99.79000091552734,786.760009765625,307.40545654296875,155.69215393066406,200.61868286132812,48.76681900024414,81.41000366210938,29043600,10620100,1292000,7122000,4829900,1464300,7729900,9563200
2025-09-16,50.65999984741211,100.63999938964844,785.530029296875,307.6940612792969,154.8671875,199.1125030517578,47.87636947631836,81.38999938964844,31624400,12350700,1529500,10525600,7539500,1187400,13158800,10705900
2025-09-17,51.400001525878906,101.76000213623047,794.219970703125,310.2416687011719,156.45750427246094,201.91676330566406,49.08341979980469,82.4800033569336,38337900,14371600,1945300,8657800,4604200,1387600,12828100,14746100
2025-09-18,52.130001068115234,102.41000366210938,804.3099975585938,311.71453857421875,158.27642822265625,204.39402770996094,49.67705154418945,83.5,35246900,11677600,1501600,8050700,4323700,1125200,12345900,13021100
2025-09-19,52.25,102.68000030517578,805.0,313.25701904296875,158.9423828125,203.65084838867188,49.87492752075195,84.63999938964844,98970700,24745700,3789800,23568600,14902000,3001300,20595300,36482400
2025-09-22,51.91999816894531,103.48999786376953,805.5599975585938,310.9283447265625,159.73753356933594,201.2726593017578,48.96469497680664,85.16000366210938,27468000,11474500,1151000,7520200,4421200,1216700,7669900,14545000
2025-09-23,51.70000076293945,103.0,806.3200073242188,311.22686767578125,159.7872314453125,202.06539916992188,48.82617950439453,84.37000274658203,28278200,15747900,1758800,8584400,5335900,1310700,9970900,14818500
2025-09-24,51.70000076293945,101.6500015258789,792.4299926757812,311.90362548828125,156.92466735839844,202.22393798828125,48.65798568725586,84.11000061035156,27010400,12272400,1402500,7310500,5195200,1782700,6621100,9478700
2025-09-25,51.849998474121094,102.11000061035156,794.760009765625,311.9334716796875,157.98817443847656,200.89613342285156,48.50957489013672,84.31999969482422,22957900,11232900,1413100,7083200,5351100,1043000,7199000,8514900
2025-09-26,52.209999084472656,103.41999816894531,802.510009765625,314.53082275390625,159.1411590576172,201.47085571289062,48.91522216796875,85.01000213623047,20025800,11296300,1376200,7258100,5326800,1008200,8309500,8502600
2025-09-29,52.41999816894531,103.16000366210938,804.1199951171875,314.1626281738281,160.184814453125,200.01422119140625,48.470001220703125,84.6500015258789,23701000,10748700,1059000,6462400,4186000,1635900,9379500,9833700
2025-09-30,51.59000015258789,101.5,796.3499755859375,313.90386962890625,157.9981231689453,199.1025848388672,48.33000183105469,83.81999969482422,29945000,17789100,2463900,11823300,5547100,1516700,10181200,11429000
2025-10-01,50.68000030517578,98.70999908447266,785.510009765625,309.2066955566406,155.94064331054688,196.63523864746094,47.880001068115234,80.87000274658203,27709100,13793300,1788900,9235200,5467400,1378300,9419800,16961900
2025-10-02,50.47999954223633,97.33999633789062,779.3800048828125,306.0619812011719,154.3602752685547,196.3577880859375,47.90999984741211,80.5,22757200,14511900,1553700,7600000,5087400,1122300,8468600,11420000
2025-10-03,50.63999938964844,97.73999786376953,789.97998046875,308.5299987792969,156.63641357421875,196.65505981445312,48.06999969482422,80.66999816894531,24565700,13863600,1470500,6029900,5182100,1137900,9291100,10124900
2025-10-06,50.38999938964844,98.05000305175781,796.780029296875,309.17999267578125,157.1333770751953,193.84088134765625,47.720001220703125,80.69000244140625,25386300,10398000,1632600,7214500,4696300,2208700,8426600,12837700
2025-10-07,50.290000915527344,97.80000305175781,789.6500244140625,307.69000244140625,155.02621459960938,192.04733276367188,47.5,81.13999938964844,24107300,8519400,1547200,8454200,4589700,1599300,6619000,10371300
2025-10-08,49.84000015258789,96.69999694824219,776.510009765625,304.0299987792969,154.70814514160156,188.4305419921875,46.9900016784668,79.7300033569336,24014200,8496000,1939300,6489900,4038600,1630100,5315700,11277400
2025-10-09,49.790000915527344,95.91999816894531,779.9600219726562,305.5299987792969,155.32440185546875,188.93589782714844,47.099998474121094,79.88999938964844,21816900,11300600,1575000,7060300,6092600,1899500,7011500,8432200
2025-10-10,48.650001525878906,93.93000030517578,764.3599853515625,300.8900146484375,150.9410858154297,182.27700805664062,45.279998779296875,77.62000274658203,31831900,18619500,2457900,8597400,5531700,2208800,12468400,16004300
2025-10-13,48.86000061035156,96.0999984741211,786.780029296875,307.9700012207031,154.19129943847656,185.22000122070312,46.15999984741211,78.91999816894531,34462800,18463600,2766000,10788700,4735800,1818100,6896400,14229300
2025-10-14,50.09000015258789,99.83999633789062,770.760009765625,302.0799865722656,154.4000244140625,189.72999572753906,47.09000015258789,84.55999755859375,42462600,33164600,4710800,16178800,8023800,3264300,8844600,36260600
2025-10-15,52.279998779296875,99.77999877929688,767.9299926757812,305.69000244140625,161.66578674316406,182.33999633789062,46.45000076293945,86.45999908447266,69992200,15730100,3217400,11354800,13673700,6663200,11325200,22909400
2025-10-16,50.439998626708984,96.26000213623047,758.0900268554688,298.5400085449219,159.0517120361328,178.3699951171875,45.650001525878906,84.0,49027700,20534000,3160900,10549400,10477500,3568300,21622900,22715600
2025-10-17,51.279998779296875,97.06999969482422,750.77001953125,297.55999755859375,157.70986938476562,179.39999389648438,45.689998626708984,83.27999877929688,48915400,14007800,2884700,10153500,7965000,3369700,14032400,18799000
2025-10-20,52.040000915527344,99.30000305175781,763.3200073242188,302.3599853515625,160.9899139404297,182.1699981689453,47.099998474121094,86.0199966430664,25786000,11302700,1925400,6894900,5741000,2506200,9439000,15777200
2025-10-21,51.52000045776367,98.25,758.97998046875,297.0899963378906,158.2664794921875,181.91000366210938,47.61000061035156,84.76000213623047,27303400,9150100,1782200,7372700,4220600,3395600,11278200,20101100
2025-10-22,51.099998474121094,96.30000305175781,744.5999755859375,294.1099853515625,157.1632080078125,181.1999969482422,47.33000183105469,83.87999725341797,34955000,14369200,2141400,8054100,4360200,1922100,8497400,18955000
2025-10-23,51.7599983215332,96.69000244140625,750.780029296875,294.5400085449219,158.34600830078125,181.9499969482422,47.81999969482422,84.45999908447266,26028800,8189100,1615400,5438800,3735600,2079900,12065700,14157800
2025-10-24,52.56999969482422,98.77999877929688,783.8800048828125,300.44000244140625,162.86846923828125,186.44000244140625,48.2599983215332,86.41000366210938,38923900,11870700,2505600,7228300,5547500,2243100,10982500,14011400
2025-10-27,53.02000045776367,100.98999786376953,789.989990234375,304.1499938964844,165.01541137695312,184.86000061035156,47.79999923706055,87.01000213623047,27345800,13214200,1645300,5642200,5056000,2406900,10275400,11682000
2025-10-28,52.869998931884766,101.38999938964844,792.0900268554688,305.3599853515625,164.21031188964844,182.83999633789062,47.27000045776367,86.9000015258789,29575200,8766400,1242000,6336000,3601000,1798400,7549200,13201000
2025-10-29,52.58000183105469,99.12000274658203,783.0599975585938,305.510009765625,163.03744506835938,181.02000427246094,46.63999938964844,86.0,29158800,11878800,2251500,7520300,4963500,2592800,8829500,16444400
2025-10-30,53.029998779296875,100.22000122070312,790.1599731445312,309.44000244140625,164.25999450683594,182.32000732421875,46.84000015258789,85.98999786376953,37548600,9584000,1829500,7514600,4960500,1959600,7191000,14830000
2025-10-31,53.45000076293945,101.2300033569336,789.3699951171875,311.1199951171875,164.0,182.5500030517578,46.68000030517578,86.97000122070312,39281900,11188700,1328100,7719500,5323500,1554500,9636200,14775700
